GeNeG_resource,GeNeG_resource_alias,Wikidata_resource,Wikidata_alias,Wikidata_label
http://geneg.net/resource/Bka,@bka,https://www.wikidata.org/wiki/Q56030,"('BKA', 100)",Bundeskriminalamt
http://geneg.net/resource/Eu-Gipfeln,EU-Gipfeln,https://www.wikidata.org/wiki/Q8886,"('EU-Gipfel', 95)",Europ√§ischer_Rat
http://geneg.net/resource/Universidad_Aut√≥noma_Madrid,Universidad Aut√≥noma Madrid,https://www.wikidata.org/wiki/Q788091,"('Universidad Aut√≥noma de Madrid', 95)",Autonome_Universit√§t_Madrid
http://geneg.net/resource/J_Fischers,J. Fischers,https://www.wikidata.org/wiki/Q1692523,"('J. Fischer', 95)",Johann_Baptist_Fischer
http://geneg.net/resource/Sudentenlandes,Sudentenlandes,https://www.wikidata.org/wiki/Q8351649,"('Sudetenlandes', 96)",Sudetenkrise
http://geneg.net/resource/Boycott,Boycott,https://www.wikidata.org/wiki/Q179366,"('boycott', 100)",Boykott
http://geneg.net/resource/Kemmerichs,Kemmerichs,https://www.wikidata.org/wiki/Q84840059,"('Kemmerich', 95)",Regierungskrise_in_Th√ºringen_2020
http://geneg.net/resource/Afrikanisch,Afrikanisch,https://www.wikidata.org/wiki/Q203548,"('Afrikanische', 96)",Afrikanische_Platte
http://geneg.net/resource/Guardiolas,Guardiolas,https://www.wikidata.org/wiki/Q3360159,"('Guardiola', 95)",Gede√≥n_Guardiola
http://geneg.net/resource/Baby_Sommer,Baby‚Äú Sommer,https://www.wikidata.org/wiki/Q317224,"('Baby Sommer', 100)",G√ºnter_Sommer
http://geneg.net/resource/Hartziv-Gesetze,HartzIV‚Äú-Gesetze,https://www.wikidata.org/wiki/Q566910,"('Hartz-IV-Gesetze', 97)",Hartz-Konzept
http://geneg.net/resource/Europarlamentarier,Europarlamentarier,https://www.wikidata.org/wiki/Q27169,"('Europaparlamentarier', 95)",Mitglied_Des_Europ√§ischen_Parlaments
http://geneg.net/resource/Bundestags-Debatte,Bundestags-Debatte,https://www.wikidata.org/wiki/Q154797,"('Bundestagsdebatte', 97)",Deutscher_Bundestag
http://geneg.net/resource/Afd,AfD.,https://www.wikidata.org/wiki/Q6721203,"('AfD', 100)",Alternative_F√ºr_Deutschland
http://geneg.net/resource/Sebastiankurz,@sebastiankurz,https://www.wikidata.org/wiki/Q2262885,"('Sebastian\xa0Kurz', 100)",Sebastian_Kurz
http://geneg.net/resource/Allensbach-Instituts,Allensbach-Instituts,https://www.wikidata.org/wiki/Q876680,"('Allensbach-Institut', 97)",Institut_F√ºr_Demoskopie_Allensbach
http://geneg.net/resource/Pants,Pants,https://www.wikidata.org/wiki/Q39908,"('pants', 100)",Hose
http://geneg.net/resource/Cristina_Kirchners,Cristina Kirchners,https://www.wikidata.org/wiki/Q40649,"('Cristina Kirchner', 97)",Cristina_Fern√°ndez_De_Kirchner
http://geneg.net/resource/Tonight,tonight,https://www.wikidata.org/wiki/Q1338655,"('Tonight!', 100)",The_Tonight_Show
http://geneg.net/resource/Deutsche_Fu√üball-Liga,Deutsche Fu√üball-Liga,https://www.wikidata.org/wiki/Q28062486,"('Deutsche Fu√üball Liga', 100)",DFL_Deutsche_Fu√üball_Liga
http://geneg.net/resource/Un-Klimagipfels,UN-Klimagipfels,https://www.wikidata.org/wiki/Q64908094,"('UN-Klimagipfel', 97)",UN-Klimagipfel_2019
http://geneg.net/resource/Ibd,IBD,https://www.wikidata.org/wiki/Q951150,"('ibd.', 100)",Ebenda
http://geneg.net/resource/Hamburg_St._Georg,Hamburg St. Georg,https://www.wikidata.org/wiki/Q1560,"('Hamburg-St. Georg', 100)",St._Georg
http://geneg.net/resource/Ostberlins,Ostberlins,https://www.wikidata.org/wiki/Q56037,"('Ostberlin', 95)",Ost-Berlin
http://geneg.net/resource/Mont_P√®lerin_Gesellschaft,Mont P√®lerin Gesellschaft,https://www.wikidata.org/wiki/Q688638,"('Mont-P√®lerin-Gesellschaft', 100)",Mont_P√®lerin_Society
http://geneg.net/resource/Mao_Tse_Tung,Mao Tse Tung,https://www.wikidata.org/wiki/Q5816,"('Mao Tse-tung', 100)",Mao_Zedong
http://geneg.net/resource/Jouwatch,Jouwatch,https://www.wikidata.org/wiki/Q48756561,"('JouWatch', 100)",Journalistenwatch
http://geneg.net/resource/Bad_Frankenhausens,Bad Frankenhausens,https://www.wikidata.org/wiki/Q151876,"('Bad Frankenhausen', 97)",Bad_Frankenhausen/Kyffh√§user
http://geneg.net/resource/Offene_Grenzen,offene Grenzen,https://www.wikidata.org/wiki/Q1196789,"('Offene Grenzen', 100)",Open_Doors
http://geneg.net/resource/Twitter-Accounts,Twitter-Accounts,https://www.wikidata.org/wiki/Q918,"('Twitter-Account', 97)",Twitter
http://geneg.net/resource/Bloomberg_&_Co,Bloomberg & Co,https://www.wikidata.org/wiki/Q13977,"('Bloomberg.com', 96)",Bloomberg_L.P.
http://geneg.net/resource/Volkswagen-Werk,Volkswagen-Werk,https://www.wikidata.org/wiki/Q156578,"('Volkswagenwerk', 97)",Volkswagen_AG
http://geneg.net/resource/Alexej_Nawalnys,Alexej Nawalnys,https://www.wikidata.org/wiki/Q155979,"('Alexej Nawalny', 97)",Alexei_Anatoljewitsch_Nawalny
http://geneg.net/resource/Minsker_Abkommens,Minsker Abkommens,https://www.wikidata.org/wiki/Q19249259,"('Minsker Abkommen', 97)",Zweite_Minsk_Vereinbarung
http://geneg.net/resource/A400m,A400M.,https://www.wikidata.org/wiki/Q6496,"('A400M', 100)",Airbus_A400M
http://geneg.net/resource/Alt-Right-Bewegung,Alt-Right‚Äú-Bewegung,https://www.wikidata.org/wiki/Q23018230,"('Alt-Right-Bewegung', 100)",Alt-Right
http://geneg.net/resource/Nato-Nachr√ºstung,Nato-Nachr√ºstung,https://www.wikidata.org/wiki/Q1638236,"('NATO-Nachr√ºstung', 100)",NATO-Doppelbeschluss
http://geneg.net/resource/Al-Nusra,Al-Nusra-,https://www.wikidata.org/wiki/Q32748,"('al-Nusra', 100)",Al-Nusra-Front
http://geneg.net/resource/GBS,gbs,https://www.wikidata.org/wiki/Q1007,"('GBS', 100)",Guinea-Bissau
http://geneg.net/resource/Internationalen_Linken_Opposition,Internationalen Linken Opposition,https://www.wikidata.org/wiki/Q1569985,"('Internationale Linke Opposition', 97)",Linke_Opposition_in_Der_Sowjetunion
http://geneg.net/resource/Biw,BiW,https://www.wikidata.org/wiki/Q1021023,"('BIW', 100)",B√ºrger_in_Wut
http://geneg.net/resource/Hausmanns,Hausmanns,https://www.wikidata.org/wiki/Q191798,"('Haussmanns', 95)",Georges-Eug√®ne_Haussmann
http://geneg.net/resource/Mod,MoD,https://www.wikidata.org/wiki/Q1799665,"('mod', 100)",Modulo
http://geneg.net/resource/Freien_W√§hlergruppe,Freien W√§hlergruppe,https://www.wikidata.org/wiki/Q57338471,"('freie W√§hlergruppe', 97)",W√§hlergruppe
http://geneg.net/resource/Vereinten_Nationen_F√ºr_Menschenrechte,Vereinten Nationen f√ºr Menschenrechte,https://www.wikidata.org/wiki/Q7813,"('Menschenrechte der Vereinten Nationen', 96)",Allgemeine_Erkl√§rung_Der_Menschenrechte
http://geneg.net/resource/Recep_tayyip_erdo_an,Recep_Tayyip_Erdo_an,https://www.wikidata.org/wiki/Q39259,"('Recep_Tayyip_Erdogan', 95)",Recep_Tayyip_Erdoƒüan
http://geneg.net/resource/Al-Gaddafi,al-Gaddafi,https://www.wikidata.org/wiki/Q19878,"('Al-Gaddafi', 100)",Muammar_Al-Gaddafi
http://geneg.net/resource/Robert_Mueller_Iii,Robert Mueller III,https://www.wikidata.org/wiki/Q715156,"('Robert S. Mueller III', 95)",Robert_Mueller
http://geneg.net/resource/SPD-Politikers,SPD-Politikers,https://www.wikidata.org/wiki/Q49768,"('SPD-Politiker', 96)",Sozialdemokratische_Partei_Deutschlands
http://geneg.net/resource/Deutschland-Frage,Deutschland-Frage,https://www.wikidata.org/wiki/Q13522713,"('Deutschlandfrage', 97)",Deutsche_Frage
http://geneg.net/resource/DDR-B√ºrgerrechtlers,DDR-B√ºrgerrechtlers,https://www.wikidata.org/wiki/Q2027189,"('DDR-B√ºrgerrechtler', 97)",Opposition_Und_Widerstand_in_Der_DDR
http://geneg.net/resource/Andr,Andr ...,https://www.wikidata.org/wiki/Q493043,"('Andr√©', 100)",Andre
http://geneg.net/resource/Kosovo-Kriegs,Kosovo-Kriegs,https://www.wikidata.org/wiki/Q190029,"('Kosovo-Krieg', 96)",Kosovokrieg
http://geneg.net/resource/Gegen,gegen,https://www.wikidata.org/wiki/Q181037,"('Gegen', 100)",Gegisch
http://geneg.net/resource/Afd-Fraktion,AFD-Fraktion,https://www.wikidata.org/wiki/Q42575708,"('AfD-Fraktion', 100)",AfD-Bundestagsfraktion
http://geneg.net/resource/Santiago_Abascals,Santiago Abascals,https://www.wikidata.org/wiki/Q11703587,"('Santiago Abascal', 97)",Santiago_Abascal_Conde
http://geneg.net/resource/Holocaust-Denkmals,Holocaust-Denkmals,https://www.wikidata.org/wiki/Q160700,"('Holocaust-Denkmal', 97)",Denkmal_F√ºr_Die_Ermordeten_Juden_Europas
http://geneg.net/resource/Internationalen_Rote_Kreuz,Internationalen Rote Kreuz,https://www.wikidata.org/wiki/Q7178,"('Internationalen Roten Kreuzes', 95)",Internationale_Rotkreuz-_Und_Rothalbmond-Bewegung
http://geneg.net/resource/Rockstock-Lichtenhagen,Rockstock-Lichtenhagen,https://www.wikidata.org/wiki/Q741012,"('Lichtenhagen (Rostock)', 95)",Lichtenhagen
http://geneg.net/resource/False_Flag_Operation,False Flag Operation,https://www.wikidata.org/wiki/Q420474,"('false flag operation', 100)",Falsche_Flagge
http://geneg.net/resource/Maria_Sacharowa,Maria Sacharowa,https://www.wikidata.org/wiki/Q20812953,"('Marija Sacharowa', 97)",Marija_Wladimirowna_Sacharowa
http://geneg.net/resource/Von_Finck,Von Finck,https://www.wikidata.org/wiki/Q72350,"('von Finck', 100)",Friedrich_August_Von_Finck
http://geneg.net/resource/Maggie_Thatchers,Maggie Thatchers,https://www.wikidata.org/wiki/Q7416,"('Maggie Thatcher', 97)",Margaret_Thatcher
http://geneg.net/resource/World_Economic_Forum's,World Economic Forum's,https://www.wikidata.org/wiki/Q170418,"('World Economic Forum', 95)",Weltwirtschaftsforum
http://geneg.net/resource/Irakisch-Kurdistans,Irakisch-Kurdistans,https://www.wikidata.org/wiki/Q205047,"('Irakisch-Kurdistan', 97)",Autonome_Region_Kurdistan
http://geneg.net/resource/Pdvsa,PdVSA,https://www.wikidata.org/wiki/Q718194,"('PDVSA', 100)",Petr√≥leos_De_Venezuela
http://geneg.net/resource/Tatort-Folge,Tatort‚Äú-Folge,https://www.wikidata.org/wiki/Q689438,"('Tatort-Folge', 100)",Tatort
http://geneg.net/resource/Spiegel-Bericht,"Spiegel""-Bericht",https://www.wikidata.org/wiki/Q131478,"('Spiegel-Bericht', 100)",Der_Spiegel
http://geneg.net/resource/Frankfurt/Main,FRANKFURT/MAIN,https://www.wikidata.org/wiki/Q1794,"('Frankfurt/Main', 100)",Frankfurt_Am_Main
http://geneg.net/resource/Adorno_Theodor,"Adorno, Theodor",https://www.wikidata.org/wiki/Q152388,"('Theodor Adorno', 100)",Theodor_W._Adorno
http://geneg.net/resource/Die_S√ºddeutsche,Die S√ºddeutsche,https://www.wikidata.org/wiki/Q158870,"('s√ºddeutsche.de', 96)",S√ºddeutsche_Zeitung
http://geneg.net/resource/Marx‚Äò,Marx‚Äò,https://www.wikidata.org/wiki/Q9061,"('Marx', 100)",Karl_Marx
http://geneg.net/resource/‚Äôs,‚Äôs,https://www.wikidata.org/wiki/Q278668,"('S√º√ü', 100)",Christian_S√º√ü
http://geneg.net/resource/Bis,bis,https://www.wikidata.org/wiki/Q309195,"('BIS', 100)",Bank_F√ºr_Internationalen_Zahlungsausgleich
http://geneg.net/resource/Borchardts,Borchardts,https://www.wikidata.org/wiki/Q2203560,"('Borchardt', 95)",R√ºdiger_Borchardt
http://geneg.net/resource/Sozialdemokratischer_Arbeiterpartei,Sozialdemokratischer Arbeiterpartei,https://www.wikidata.org/wiki/Q179111,"('Sozialdemokratische Arbeiterpartei', 99)",Sozialdemokratische_Partei_√ñsterreichs
http://geneg.net/resource/Mc_Donald‚Äòs,Mc Donald‚Äòs,https://www.wikidata.org/wiki/Q38076,"('Mc Donald‚Äôs', 100)",McDonald‚Äôs
http://geneg.net/resource/Dresden_Neustadt,Dresden Neustadt,https://www.wikidata.org/wiki/Q800686,"('Dresden-Neustadt', 100)",Bahnhof_Dresden-Neustadt
http://geneg.net/resource/15‚Ç¨,15‚Ç¨.,https://www.wikidata.org/wiki/Q7018,"('15.', 100)",15._Jahrhundert
http://geneg.net/resource/Europ√§ischen_Gerichtshofs,Europ√§ischen¬†Gerichtshofs,https://www.wikidata.org/wiki/Q1518827,"('Europ√§ischen Gerichtshof', 98)",Europ√§ischer_Gerichtshof
http://geneg.net/resource/Anti-Deutscher,anti-deutscher,https://www.wikidata.org/wiki/Q520566,"('Antideutscher', 96)",Antideutsche
http://geneg.net/resource/Anders,anders,https://www.wikidata.org/wiki/Q43399,"('Anders', 100)",Andreas
http://geneg.net/resource/Villas,Villas,https://www.wikidata.org/wiki/Q3950,"('villas', 100)",Villa
http://geneg.net/resource/NZZ,@NZZ,https://www.wikidata.org/wiki/Q658945,"('NZZ', 100)",Neue_Z√ºrcher_Zeitung
http://geneg.net/resource/Soros,SOROS,https://www.wikidata.org/wiki/Q12908,"('Soros', 100)",George_Soros
http://geneg.net/resource/S-400,S-400.,https://www.wikidata.org/wiki/Q861006,"('S-400', 100)",SA-21_Growler
http://geneg.net/resource/Brussels,BRUSSELS,https://www.wikidata.org/wiki/Q9005,"('Brussels', 100)",Br√ºssel
http://geneg.net/resource/Eu-Kommissionpr√§sidentin,EU-Kommissionpr√§sidentin,https://www.wikidata.org/wiki/Q8882,"('EU-Kommissionspr√§sidentin', 98)",Pr√§sident_Der_Europ√§ischen_Kommission
http://geneg.net/resource/Schill-Partei,Schill‚Äú-Partei,https://www.wikidata.org/wiki/Q457217,"('Schill-Partei', 100)",Partei_Rechtsstaatlicher_Offensive
http://geneg.net/resource/¬≠Correctiv.org,¬≠Correctiv.org,https://www.wikidata.org/wiki/Q20181258,"('correctiv.org', 100)",Correctiv
http://geneg.net/resource/Euro-Zone,Euro-Zone,https://www.wikidata.org/wiki/Q8268,"('Euro zone', 100)",Eurozone
http://geneg.net/resource/Bu√¥n,Bu√¥n,https://www.wikidata.org/wiki/Q15240969,"('bun', 100)",Haarknoten
http://geneg.net/resource/Weltbiodiversit√§tsrats,Weltbiodiversit√§tsrats,https://www.wikidata.org/wiki/Q1666088,"('Weltbiodiversit√§tsrat', 98)",Intergovernmental_Platform_on_Biodiversity_and_Ecosystem_Services
http://geneg.net/resource/Us-Einwanderungsbeh√∂rden,US-Einwanderungsbeh√∂rden,https://www.wikidata.org/wiki/Q943091,"('US-Einwanderungsbeh√∂rde', 98)",United_States_Immigration_and_Customs_Enforcement
http://geneg.net/resource/Penguin-Verlag,Penguin-Verlag,https://www.wikidata.org/wiki/Q1336200,"('Penguin Verlag', 100)",Penguin_Books
http://geneg.net/resource/CHR,Chr.,https://www.wikidata.org/wiki/Q12003,"('Ch√©r', 100)",Cher
http://geneg.net/resource/The_Day_After,The Day after,https://www.wikidata.org/wiki/Q738462,"('The Day After', 100)",The_Day_After_‚Äì_Der_Tag_Danach
http://geneg.net/resource/Units,Units,https://www.wikidata.org/wiki/Q47574,"('units', 100)",Ma√üeinheit
http://geneg.net/resource/Michail_Gorbachtschow,Michail Gorbachtschow,https://www.wikidata.org/wiki/Q30487,"('Michail Gorbatschow', 95)",Michail_Sergejewitsch_Gorbatschow
http://geneg.net/resource/Harvard,Harvard-,https://www.wikidata.org/wiki/Q13371,"('Harvard', 100)",Harvard_University
http://geneg.net/resource/Fayez_Sarraj,Fayez Sarraj,https://www.wikidata.org/wiki/Q21089561,"('Faez Sarraj', 96)",Fajes_Sarradsch
http://geneg.net/resource/Magreb-Staaten,Maghreb-Staaten,https://www.wikidata.org/wiki/Q28227,"('Maghrebstaaten', 97)",Maghreb
http://geneg.net/resource/Friedrich_Naumann_Stiftung,Friedrich Naumann Stiftung,https://www.wikidata.org/wiki/Q338433,"('Friedrich-Naumann-Stiftung', 100)",Friedrich-Naumann-Stiftung_F√ºr_Die_Freiheit
http://geneg.net/resource/üåç_üíö,üåç üíö,https://www.wikidata.org/wiki/Q513847,"('‚ô¢', 100)",Karo
http://geneg.net/resource/Me_Too,Me Too‚Äú-,https://www.wikidata.org/wiki/Q42133786,"('#Me Too', 100)",#MeToo
http://geneg.net/resource/U,U.,https://www.wikidata.org/wiki/Q28513,"('√ñU', 100)",√ñsterreich-Ungarn
http://geneg.net/resource/Die_Wende,die Wende,https://www.wikidata.org/wiki/Q682258,"('Die Wende', 100)",Wende_Und_Friedliche_Revolution_in_Der_DDR
http://geneg.net/resource/Ard-Tagesthemen,"ARD-""Tagesthemen",https://www.wikidata.org/wiki/Q19916,"('ARD-Tagesthemen', 100)",Tagesthemen
http://geneg.net/resource/Alexej_Navalny,Alexej Navalny,https://www.wikidata.org/wiki/Q155979,"('Alexe√Ø Navalny', 96)",Alexei_Anatoljewitsch_Nawalny
http://geneg.net/resource/Martin_Luther_King_JRS,Martin Luther King Jr.s,https://www.wikidata.org/wiki/Q8027,"('Martin Luther, Jr. King', 95)",Martin_Luther_King
http://geneg.net/resource/Augustaschachts,Augustaschachts,https://www.wikidata.org/wiki/Q627414,"('Augustaschacht', 97)",Arbeitserziehungslager_Ohrbeck
http://geneg.net/resource/Mahlow,MAHLOW,https://www.wikidata.org/wiki/Q574128,"('Mahlow', 100)",Blankenfelde-Mahlow
http://geneg.net/resource/Europaparlamentarierin,Europaparlamentarierin,https://www.wikidata.org/wiki/Q27169,"('Europaparlamentarier', 95)",Mitglied_Des_Europ√§ischen_Parlaments
http://geneg.net/resource/Team_Hc_Strache-Allianz_F√ºr_√ñsterreich,Team HC Strache¬†‚Äì Allianz f√ºr ¬≠√ñsterreich,https://www.wikidata.org/wiki/Q78190419,"('Team HC Strache ‚Äì Allianz f√ºr √ñsterreich', 100)",DA√ñ_‚Äì_Die_Allianz_F√ºr_√ñsterreich
http://geneg.net/resource/Gr√ºnen-Politikers,Gr√ºnen-Politikers,https://www.wikidata.org/wiki/Q49766,"('Gr√ºnen-Politiker', 97)",B√ºndnis_90/Die_Gr√ºnen
http://geneg.net/resource/Sol√°,Sol√°,https://www.wikidata.org/wiki/Q525,"('Sol', 100)",Sonne
http://geneg.net/resource/Js,J. S.,https://www.wikidata.org/wiki/Q36380,"('S.J.', 100)",Jesuiten
http://geneg.net/resource/Daimler_Benz_Ag,Daimler Benz AG,https://www.wikidata.org/wiki/Q27530,"('Daimler-Benz AG', 100)",Daimler_AG
http://geneg.net/resource/Erderw√§mung,Erderw√§mung,https://www.wikidata.org/wiki/Q7942,"('Erderw√§rmung', 95)",Globale_Erw√§rmung
http://geneg.net/resource/Eu-Skeptikern,EU-Skeptikern,https://www.wikidata.org/wiki/Q223200,"('EU-Skeptiker', 96)",Europaskepsis
http://geneg.net/resource/Merkel_Iv,Merkel IV.,https://www.wikidata.org/wiki/Q48055676,"('Merkel IV', 100)",Kabinett_Merkel_IV
http://geneg.net/resource/United_Nation,United Nation,https://www.wikidata.org/wiki/Q1065,"('United Nations', 96)",Vereinte_Nationen
http://geneg.net/resource/Berlin_Sch√∂neberg-Tempelhof,Berlin Sch√∂neberg-Tempelhof,https://www.wikidata.org/wiki/Q158106,"('Berlin Tempelhof-Sch√∂neberg', 100)",Tempelhof-Sch√∂neberg
http://geneg.net/resource/Ksa,ksa,https://www.wikidata.org/wiki/Q851,"('KSA', 100)",Saudi-Arabien
http://geneg.net/resource/Sea_Watch_4,Sea Watch 4,https://www.wikidata.org/wiki/Q2105600,"('Sea-Watch 4', 100)",Poseidon
http://geneg.net/resource/United_Nations_Development_Programmes,United Nations Development Programmes,https://www.wikidata.org/wiki/Q161718,"('United Nations Development Programme', 99)",Entwicklungsprogramm_Der_Vereinten_Nationen
http://geneg.net/resource/Angelas_Merkels,Angela Merkels,https://www.wikidata.org/wiki/Q567,"('angela merkel', 96)",Angela_Merkel
http://geneg.net/resource/√úber,√ºber,https://www.wikidata.org/wiki/Q160556,"('BER', 100)",Flughafen_Berlin_Brandenburg
http://geneg.net/resource/Wismut-Ag,Wismut-AG,https://www.wikidata.org/wiki/Q314111,"('Wismut AG', 100)",Wismut
http://geneg.net/resource/Alexej_Nawalni,Alexej Nawalni,https://www.wikidata.org/wiki/Q155979,"('Alexej Nawalnij', 97)",Alexei_Anatoljewitsch_Nawalny
http://geneg.net/resource/Spiegel-Online,SPIEGEL-Online,https://www.wikidata.org/wiki/Q278151,"('Spiegel Online', 100)",Der_Spiegel
http://geneg.net/resource/Washington/Dc,Washington/DC,https://www.wikidata.org/wiki/Q61,"('Washington DC', 100)","Washington,_D.C."
http://geneg.net/resource/Ullstein,ULLSTEIN,https://www.wikidata.org/wiki/Q451462,"('Ullstein', 100)",Ullstein_Verlag
http://geneg.net/resource/Nsdap,NSdAP,https://www.wikidata.org/wiki/Q7320,"('NSDAP', 100)",Nationalsozialistische_Deutsche_Arbeiterpartei
http://geneg.net/resource/Europ√§isierung,EUrop√§isierung,https://www.wikidata.org/wiki/Q868901,"('Europ√§isierung', 100)",Europ√§isierung_(Politikwissenschaft)
http://geneg.net/resource/Un-Hochkommissariats_F√ºr_Fl√ºchtlinge,UN-Hochkommissariats f√ºr¬†Fl√ºchtlinge,https://www.wikidata.org/wiki/Q132551,"('UN-Hochkommissariat f√ºr Fl√ºchtlinge', 99)",Hoher_Fl√ºchtlingskommissar_Der_Vereinten_Nationen
http://geneg.net/resource/Himmler,Himmler-,https://www.wikidata.org/wiki/Q43067,"('Himmler', 100)",Heinrich_Himmler
http://geneg.net/resource/Google-Suche,google-Suche,https://www.wikidata.org/wiki/Q9366,"('Google Suche', 100)",Google
http://geneg.net/resource/CRL_James,C.R.L. James,https://www.wikidata.org/wiki/Q773828,"('C.L.R. James', 100)",C._L._R._James
http://geneg.net/resource/Tagesschaude,tagesschau.de<,https://www.wikidata.org/wiki/Q1409067,"('TAGESSCHAU.de', 100)",tagesschau.de
http://geneg.net/resource/Corinanna_Miazga,Corianna Miazga,https://www.wikidata.org/wiki/Q40878850,"('Corinna Miazga', 97)",Corinna_Miazga
http://geneg.net/resource/Duisbug_Marxloh,Duisbug Marxloh,https://www.wikidata.org/wiki/Q1906190,"('Duisburg-Marxloh', 97)",Marxloh
http://geneg.net/resource/Versailer_Vertrag,Versailer Vertrag,https://www.wikidata.org/wiki/Q8736,"('Versailler Vertrag', 97)",Friedensvertrag_Von_Versailles
http://geneg.net/resource/Jimbo‚Äù_Wales,Jimbo‚Äù Wales,https://www.wikidata.org/wiki/Q181,"('Jimbo Wales', 100)",Jimmy_Wales
http://geneg.net/resource/Faridbang,FaridBang,https://www.wikidata.org/wiki/Q89832,"('Farid\xa0Bang', 100)",Farid_Bang
http://geneg.net/resource/Goerlitzer_park,gorlitzer-park,https://www.wikidata.org/wiki/Q896816,"('G√∂rlitzer Park', 96)",G√∂rlitzer_Park
http://geneg.net/resource/Hartz-Iv-Empf√§ngers,Hartz-IV-Empf√§ngers,https://www.wikidata.org/wiki/Q628569,"('Hartz-IV-Empf√§nger', 97)",Arbeitslosengeld_II
http://geneg.net/resource/Jufo,JuFo,https://www.wikidata.org/wiki/Q1711223,"('Jufo', 100)",Jugend_Forscht
http://geneg.net/resource/Twenty/Twenty,Twenty/Twenty,https://www.wikidata.org/wiki/Q25337,"('twenty twenty', 100)",2020
http://geneg.net/resource/Lau,lau,https://www.wikidata.org/wiki/Q804970,"('Lau', 100)",Liu
http://geneg.net/resource/Bilderbergern,Bilderbergern,https://www.wikidata.org/wiki/Q184937,"('Bilderberger', 96)",Bilderberg-Konferenz
http://geneg.net/resource/Ard_Tagesschau,ARD tagesschau,https://www.wikidata.org/wiki/Q703907,"('ARD-Tagesschau', 100)",Tagesschau
http://geneg.net/resource/FDP-Politikers,FDP-Politikers,https://www.wikidata.org/wiki/Q13124,"('FDP-Politiker', 96)",Freie_Demokratische_Partei
http://geneg.net/resource/Us-Pr√§sidentschaftswahlkampfs,US-Pr√§sidentschaftswahlkampfs,https://www.wikidata.org/wiki/Q1637233,"('US-Pr√§sidentschaftswahlkampf', 98)",October_Surprise
http://geneg.net/resource/Bundesinnemnisterium,Bundesinnemnisterium,https://www.wikidata.org/wiki/Q502698,"('Bundesinnenministerium', 95)","Bundesministerium_Des_Innern,_F√ºr_Bau_Und_Heimat"
http://geneg.net/resource/S√ºddeutsche,S√úDDEUTSCHE,https://www.wikidata.org/wiki/Q46519,"('S√ºddeutsch', 95)",S√ºddeutschland
http://geneg.net/resource/Yale,Yale-,https://www.wikidata.org/wiki/Q49112,"('Yale', 100)",Yale_University
http://geneg.net/resource/Europaweit,Europaweit,https://www.wikidata.org/wiki/Q46,"('europaweit', 100)",Europa
http://geneg.net/resource/Chuck_Schumer,Chuck¬†Schumer,https://www.wikidata.org/wiki/Q380900,"('Chuck Schumer', 100)",Charles_Schumer
http://geneg.net/resource/Ipg_Internationale_Politik_Und_Gesellschaft,IPG Internationale Politik und Gesellschaft,https://www.wikidata.org/wiki/Q836469,"('Internationale Politik und Gesellschaft', 95)",Friedrich-Ebert-Stiftung
http://geneg.net/resource/Saif_Al-Islams,Saif al-Islams,https://www.wikidata.org/wiki/Q208135,"('Saif al-Islam', 96)",Saif_Al-Islam_Al-Gaddafi
http://geneg.net/resource/Michael_Chodorkowski,Michael Chodorkowski,https://www.wikidata.org/wiki/Q152503,"('Michail Chodorkowski', 95)",Michail_Borissowitsch_Chodorkowski
http://geneg.net/resource/Lesben,Lesben-,https://www.wikidata.org/wiki/Q6649,"('Lesben', 100)",Lesbisch
http://geneg.net/resource/Westberlins,Westberlins,https://www.wikidata.org/wiki/Q56036,"('Westberlin', 95)",West-Berlin
http://geneg.net/resource/Seeheimern,Seeheimern,https://www.wikidata.org/wiki/Q881042,"('Seeheimer', 95)",Seeheimer_Kreis_in_Der_SPD-Bundestagsfraktion
http://geneg.net/resource/Jufra,jufra,https://www.wikidata.org/wiki/Q48247,"('Jufra', 100)",Munizip_Al-Dschufra
http://geneg.net/resource/The,The,https://www.wikidata.org/wiki/Q1475036,"('THE', 100)",Times_Higher_Education
http://geneg.net/resource/Atacama-Region,Atacama-Region,https://www.wikidata.org/wiki/Q2120,"('Atacama Region', 100)",Regi√≥n_De_Atacama
http://geneg.net/resource/PKK,PKK-,https://www.wikidata.org/wiki/Q152220,"('PKK', 100)",Arbeiterpartei_Kurdistans
http://geneg.net/resource/Hannover-Flughafens,Hannover-Flughafens,https://www.wikidata.org/wiki/Q170169,"('Hannover Flughafen', 97)",Flughafen_Hannover-Langenhagen
http://geneg.net/resource/J,J.,https://www.wikidata.org/wiki/Q319,"('J', 100)",Jupiter
http://geneg.net/resource/Pal√§stinensergebiete,Pal√§stinensergebiete,https://www.wikidata.org/wiki/Q407199,"('Pal√§stinensergebieten', 97)",Pal√§stinensische_Autonomiegebiete
http://geneg.net/resource/As-Sisi,As-Sisi,https://www.wikidata.org/wiki/Q307871,"('as-Sisi', 100)",Abd_Al-Fattah_as-Sisi
http://geneg.net/resource/Bayrische_Landtag,Bayrische Landtag,https://www.wikidata.org/wiki/Q641439,"('Bayrischer Landtag', 97)",Bayerischer_Landtag
http://geneg.net/resource/Franklin_Roosevelts,Franklin Roosevelts,https://www.wikidata.org/wiki/Q8007,"('Franklin Roosevelt', 97)",Franklin_Delano_Roosevelt
http://geneg.net/resource/Aslan_Maschadows,Aslan Maschadows,https://www.wikidata.org/wiki/Q193354,"('Aslan Maschadow', 97)",Aslan_Alijewitsch_Maschadow
http://geneg.net/resource/Bundesinnenminsteriums,Bundesinnenminsteriums,https://www.wikidata.org/wiki/Q502698,"('Bundesinnenministerium', 95)","Bundesministerium_Des_Innern,_F√ºr_Bau_Und_Heimat"
http://geneg.net/resource/BDS,BdS,https://www.wikidata.org/wiki/Q895904,"('BDS', 100)","Boycott,_Divestment_and_Sanctions"
http://geneg.net/resource/Telegraph,‚ÄöTelegraph,https://www.wikidata.org/wiki/Q192621,"('Telegraph', 100)",The_Daily_Telegraph
http://geneg.net/resource/VDK,VdK.,https://www.wikidata.org/wiki/Q1604553,"('VdK', 100)",Sozialverband_VdK_Deutschland
http://geneg.net/resource/Kung,Kung,https://www.wikidata.org/wiki/Q172365,"('!Kung', 100)",San
http://geneg.net/resource/Nachkriegsdeutschlands,Nachkriegsdeutschlands,https://www.wikidata.org/wiki/Q1204290,"('Nachkriegsdeutschland', 98)",Nachkriegszeit_in_Deutschland
http://geneg.net/resource/Bundeswehr-Soldaten,Bundeswehr-Soldaten,https://www.wikidata.org/wiki/Q56010,"('Bundeswehrsoldaten', 97)",Bundeswehr
http://geneg.net/resource/Massoud_Barzani,Massoud Barzani,https://www.wikidata.org/wiki/Q315927,"('Masoud Barzani', 97)",Masud_Barzani
http://geneg.net/resource/Frankfurt,Frankfurt (Oder,https://www.wikidata.org/wiki/Q4024,"('Frankfurt/Oder', 100)",Frankfurt_(Oder)
http://geneg.net/resource/Breitscheit-Platz,Breitscheitplatz,https://www.wikidata.org/wiki/Q698370,"('Breitscheidtplatz', 97)",Breitscheidplatz
http://geneg.net/resource/Freud,"Freud,",https://www.wikidata.org/wiki/Q9215,"('Freud', 100)",Sigmund_Freud
http://geneg.net/resource/Una_Sana,Una Sana,https://www.wikidata.org/wiki/Q18248,"('Una-Sana', 100)",Kanton_Una-Sana
http://geneg.net/resource/Abdel_Fatah_El-Sisi,Abdel Fatah El-Sisi,https://www.wikidata.org/wiki/Q307871,"('Abdel Fattah el-Sisi', 97)",Abd_Al-Fattah_as-Sisi
http://geneg.net/resource/Revolution√§rer,Revolution√§rer,https://www.wikidata.org/wiki/Q6534,"('Revolution√§re', 96)",Franz√∂sische_Revolution
http://geneg.net/resource/Jitzak_Rabin,Jitzak Rabin,https://www.wikidata.org/wiki/Q34060,"('Jitzhak Rabin', 96)",Jitzchak_Rabin
http://geneg.net/resource/Stokowskis,Stokowskis,https://www.wikidata.org/wiki/Q297562,"('Stokowski', 95)",Leopold_Stokowski
http://geneg.net/resource/Suhrkamp,suhrkamp,https://www.wikidata.org/wiki/Q301609,"('Suhrkamp', 100)",Suhrkamp_Verlag
http://geneg.net/resource/Israelfeindlich,israelfeindlich,https://www.wikidata.org/wiki/Q584548,"('israelfeindliche', 97)",Antizionismus
http://geneg.net/resource/PDS/Linkspartei,PDS/Linkspartei,https://www.wikidata.org/wiki/Q152554,"('Linkspartei.PDS', 100)",Partei_Des_Demokratischen_Sozialismus
http://geneg.net/resource/Oe24,Oe24,https://www.wikidata.org/wiki/Q298667,"('oe24', 100)",√ñsterreich
http://geneg.net/resource/Linke,LINKE-,https://www.wikidata.org/wiki/Q164597,"('Linke', 100)",Politische_Linke
http://geneg.net/resource/M√ºnchner,m√ºnchner,https://www.wikidata.org/wiki/Q1726,"('M√ºnchner', 100)",M√ºnchen
http://geneg.net/resource/Al-Baghdadis,al-Baghdadis,https://www.wikidata.org/wiki/Q2821724,"('Al-Baghdadi', 96)",Abu_Bakr_Al-Baghdadi
http://geneg.net/resource/Exxon_Mobile,Exxon Mobile,https://www.wikidata.org/wiki/Q156238,"('Exxon Mobil', 96)",ExxonMobil
http://geneg.net/resource/Uno-Waffenembargos,Uno-Waffenembargos,https://www.wikidata.org/wiki/Q989265,"('UN-Waffenembargos', 97)",Embargo
http://geneg.net/resource/Bundestagsinnenausschusses,Bundestagsinnenausschusses,https://www.wikidata.org/wiki/Q1663880,"('Bundestags-Innenausschusses', 98)",Ausschuss_F√ºr_Inneres_Und_Heimat
http://geneg.net/resource/Holocaustdenkmals,Holocaustdenkmals,https://www.wikidata.org/wiki/Q160700,"('Holocaustdenkmal', 97)",Denkmal_F√ºr_Die_Ermordeten_Juden_Europas
http://geneg.net/resource/Amazonas-Gebiet,Amazonas-Gebiet,https://www.wikidata.org/wiki/Q244451,"('Amazonasgebiet', 97)",Amazonasbecken
http://geneg.net/resource/Fratelli_d‚ÄòItalia,Fratelli d‚ÄòItalia,https://www.wikidata.org/wiki/Q1757843,"('Fratelli d‚ÄôItalia', 100)",Fratelli_d'Italia_-_Alleanza_Nazionale
http://geneg.net/resource/Csu,CSU-,https://www.wikidata.org/wiki/Q49763,"('CSU', 100)",Christlich-Soziale_Union_in_Bayern
http://geneg.net/resource/Bozen-S√ºdtirol,Bozen-S√ºdtirol,https://www.wikidata.org/wiki/Q15124,"('Bozen - S√ºdtirol', 100)",S√ºdtirol
http://geneg.net/resource/Tagesspiegel,TAGESSPIEGEL,https://www.wikidata.org/wiki/Q10189,"('Tagesspiegel', 100)",Der_Tagesspiegel
http://geneg.net/resource/Hans_J√∂rg_M√ºller,Hans J√∂rg M√ºller,https://www.wikidata.org/wiki/Q40879872,"('Hansj√∂rg M√ºller', 96)",Hansj√∂rg_Gerhard_Georg_M√ºller
http://geneg.net/resource/Us-Geheimdiensten,US-Geheimdiensten,https://www.wikidata.org/wiki/Q786878,"('US-Geheimdienste', 97)",United_States_Intelligence_Community
http://geneg.net/resource/Sana_A,Sana A.,https://www.wikidata.org/wiki/Q2471,"('Sana‚Äòa', 100)",Sanaa
http://geneg.net/resource/Mittelmeerinseln,Mittelmeerinseln,https://www.wikidata.org/wiki/Q36784,"('Mittelmeerinsel', 97)",Region_in_Frankreich
http://geneg.net/resource/Frontex,frontex,https://www.wikidata.org/wiki/Q21786841,"('Frontex', 100)",Europ√§ische_Agentur_F√ºr_Die_Operative_Zusammenarbeit_an_Den_Au√üengrenzen_Der_Mitgliedstaaten_Der_Europ√§ischen_Union
http://geneg.net/resource/Trotzkistische,Trotzkistische,https://www.wikidata.org/wiki/Q181133,"('Trotzkistisch', 96)",Trotzkismus
http://geneg.net/resource/Mli,mli,https://www.wikidata.org/wiki/Q912,"('MLI', 100)",Mali
http://geneg.net/resource/Friedensnobelpreistr√§gers,Friedensnobelpreistr√§gers,https://www.wikidata.org/wiki/Q35637,"('Friedensnobelpreistr√§ger', 98)",Friedensnobelpreis
http://geneg.net/resource/SPD,spd,https://www.wikidata.org/wiki/Q49768,"('SPD', 100)",Sozialdemokratische_Partei_Deutschlands
http://geneg.net/resource/Cdu,@CDU,https://www.wikidata.org/wiki/Q49762,"('CDU', 100)",Christlich_Demokratische_Union_Deutschlands
http://geneg.net/resource/N3,N3.,https://www.wikidata.org/wiki/Q879451,"('N3', 100)",NDR_Fernsehen
http://geneg.net/resource/K,K.,https://www.wikidata.org/wiki/Q694675,"('K√∂', 100)",K√∂nigsallee
http://geneg.net/resource/Dem,dem,https://www.wikidata.org/wiki/Q16068,"('DEM', 100)",Deutsche_Mark
http://geneg.net/resource/Universit√§t_Irktutsk,Universit√§t Irktutsk,https://www.wikidata.org/wiki/Q670649,"('Universit√§t Irkutsk', 97)",Staatliche_Universit√§t_Irkutsk
http://geneg.net/resource/Justiz,JUSTIZ,https://www.wikidata.org/wiki/Q1413677,"('Justiz-', 100)",Justizministerium
http://geneg.net/resource/Robert_Swan_Mueller_Iii,Robert Swan Mueller III.,https://www.wikidata.org/wiki/Q715156,"('Robert Swan Mueller III', 100)",Robert_Mueller
http://geneg.net/resource/Shariat,Shariat,https://www.wikidata.org/wiki/Q482752,"('shariat', 100)",Scharia
http://geneg.net/resource/Cia,CIA-,https://www.wikidata.org/wiki/Q37230,"('CIA', 100)",Central_Intelligence_Agency
http://geneg.net/resource/Us-Sonderbeauftrage,US-Sonderbeauftragte,https://www.wikidata.org/wiki/Q788111,"('UN-Sonderbeauftragte', 95)",UN-Sonderbeauftragter
http://geneg.net/resource/Wissenschaftliche_Dienst_Des_Bundestags,Wissenschaftliche Dienst des Bundestags,https://www.wikidata.org/wiki/Q2586210,"('Wissenschaftliche Dienst des Bundestages', 99)",Wissenschaftliche_Dienste_Des_Deutschen_Bundestages
http://geneg.net/resource/Diem,diem25,https://www.wikidata.org/wiki/Q22674451,"('DiEM25', 100)",Democracy_in_Europe_Movement_2025
http://geneg.net/resource/Hitchhiker‚Äôs_Guide_to_the_Galaxy,Hitchhiker‚Äôs Guide to the Galaxy,https://www.wikidata.org/wiki/Q3107329,"(""Hitchhiker's Guide to the Galaxy"", 100)",Per_Anhalter_Durch_Die_Galaxis
http://geneg.net/resource/Sydney/Ausstralien,Sydney/Ausstralien,https://www.wikidata.org/wiki/Q3130,"('Sydney, Australien', 97)",Sydney
http://geneg.net/resource/Amerikanische_Krieg,Amerikanische Krieg,https://www.wikidata.org/wiki/Q8740,"('Amerikanischer Krieg', 97)",Vietnamkrieg
http://geneg.net/resource/Henri_Quatre,Henri Quatre,https://www.wikidata.org/wiki/Q936976,"('Henri-Quatre', 100)",Heinrich_IV.
http://geneg.net/resource/DLF,DLF-,https://www.wikidata.org/wiki/Q695328,"('DLF', 100)",Deutschlandfunk
http://geneg.net/resource/Opiumkriegs,Opiumkriegs,https://www.wikidata.org/wiki/Q191282,"('Opiumkrieg', 95)",Erster_Opiumkrieg
http://geneg.net/resource/Bundestagsmandate,Bundestagsmandate,https://www.wikidata.org/wiki/Q1939555,"('Bundestagsmandat', 97)",Mitglied_Des_Deutschen_Bundestages
http://geneg.net/resource/N,'n',https://www.wikidata.org/wiki/Q42497,"('N.√ñ.', 100)",Nieder√∂sterreich
http://geneg.net/resource/Uno-Mitgliedstaaten,UNO-Mitgliedstaaten,https://www.wikidata.org/wiki/Q160016,"('UNO-Mitgliedsstaaten', 97)",Mitgliedstaaten_Der_Vereinten_Nationen
http://geneg.net/resource/Berlin_Kreuzberg,berlin kreuzberg,https://www.wikidata.org/wiki/Q308928,"('Berlin-Kreuzberg', 100)",Kreuzberg
http://geneg.net/resource/Flu,Flu,https://www.wikidata.org/wiki/Q2840,"('flu', 100)",Influenza
http://geneg.net/resource/Usa-Flagge,USA-Flagge,https://www.wikidata.org/wiki/Q42537,"('US-Flagge', 95)",Flagge_Der_Vereinigten_Staaten
http://geneg.net/resource/Hansgeorg_Maa√üen,Hans¬≠Georg Maa√üen,https://www.wikidata.org/wiki/Q1576999,"('Hans-Georg Maa√üen', 100)",Hans-Georg_Maa√üen
http://geneg.net/resource/Eugen,EUGEN,https://www.wikidata.org/wiki/Q1372771,"('Eugen', 100)",Eugen_M√§rklin
http://geneg.net/resource/Berkeley-Universit√§t,Berkeley- Universit√§t,https://www.wikidata.org/wiki/Q168756,"('Universit√§t Berkeley', 100)","University_of_California,_Berkeley"
http://geneg.net/resource/Arabisch-Sprachige,arabisch-sprachige,https://www.wikidata.org/wiki/Q13955,"('arabischsprachige', 97)",Arabisch
http://geneg.net/resource/Maduro,Maduro-,https://www.wikidata.org/wiki/Q58132,"('Maduro', 100)",Nicol√°s_Maduro
http://geneg.net/resource/Bundesverband_Der_Arbeiterwohlfahrt_Ev,Bundesverband der Arbeiterwohlfahrt e. V.,https://www.wikidata.org/wiki/Q627256,"('Arbeiterwohlfahrt Bundesverband e.V.', 95)",AWO_Bundesverband
http://geneg.net/resource/Autobahn_100,Autobahn 100.,https://www.wikidata.org/wiki/Q17014,"('Autobahn 100', 100)",Bundesautobahn_100
http://geneg.net/resource/Bundesministeriums_Des_Inneren,Bundesministeriums des Inneren,https://www.wikidata.org/wiki/Q502698,"('Bundesministerium des Inneren', 98)","Bundesministerium_Des_Innern,_F√ºr_Bau_Und_Heimat"
http://geneg.net/resource/Hunzingers,Hunzingers,https://www.wikidata.org/wiki/Q1289458,"('Hunzinger', 95)",Moritz_Hunzinger
http://geneg.net/resource/Berlin_Friedrichsfelde,Berlin Friedrichsfelde,https://www.wikidata.org/wiki/Q563588,"('Berlin-Friedrichsfelde', 100)",Friedrichsfelde
http://geneg.net/resource/Transatlantisches,transatlantisches,https://www.wikidata.org/wiki/Q7833791,"('transatlantische', 97)",Tansatlantische_Beziehungen
http://geneg.net/resource/Erzgebirgs,Erzgebirgs-,https://www.wikidata.org/wiki/Q4198,"('Erzgebirges', 95)",Erzgebirge
http://geneg.net/resource/Catal√†,Catal√†,https://www.wikidata.org/wiki/Q7026,"('catal√†', 100)",Katalanisch
http://geneg.net/resource/Books,Books,https://www.wikidata.org/wiki/Q571,"('books', 100)",Buch
http://geneg.net/resource/Baltimore/Maryland,Baltimore/Maryland,https://www.wikidata.org/wiki/Q5092,"('Baltimore, Maryland', 100)",Baltimore
http://geneg.net/resource/Nz_First,NZ first,https://www.wikidata.org/wiki/Q180059,"('NZ First', 100)",New_Zealand_First
http://geneg.net/resource/Jamal_Kashoggi,Jamal Kashoggi,https://www.wikidata.org/wiki/Q1262052,"('Jamal Khashoggi', 97)",Dschemal_Chaschuqdschi
http://geneg.net/resource/S√§chsisches,S√§chsisches,https://www.wikidata.org/wiki/Q2378692,"('S√§chsische', 95)",S√§chsische_Zeitung
http://geneg.net/resource/Morgenmagazin,@morgenmagazin,https://www.wikidata.org/wiki/Q296530,"('Morgenmagazin', 100)",ARD-Morgenmagazin
http://geneg.net/resource/Viktor_Klemperers,Viktor Klemperers,https://www.wikidata.org/wiki/Q57442,"('Viktor Klemperer', 97)",Victor_Klemperer
http://geneg.net/resource/NPD,npd,https://www.wikidata.org/wiki/Q156019,"('NPD', 100)",Nationaldemokratische_Partei_Deutschlands
http://geneg.net/resource/Uno-Pakt_Ii,Uno-Pakt II,https://www.wikidata.org/wiki/Q392119,"('UNO-Pakt II', 100)",Internationaler_Pakt_√úber_B√ºrgerliche_Und_Politische_Rechte
http://geneg.net/resource/Sea-Eye,Sea Eye,https://www.wikidata.org/wiki/Q52296660,"('Sea-Eye', 100)",Sternhai
http://geneg.net/resource/Preu√üische_Landrecht,Preu√üische Landrecht,https://www.wikidata.org/wiki/Q647943,"('Preu√üisches Landrecht', 97)",Allgemeines_Landrecht_F√ºr_Die_Preu√üischen_Staaten
http://geneg.net/resource/Nsa,NSA-,https://www.wikidata.org/wiki/Q121194,"('NSA', 100)",National_Security_Agency
http://geneg.net/resource/Maa√üen,‚Ä¶ Maa√üen,https://www.wikidata.org/wiki/Q1882326,"('Maa√üen', 100)",Maa√ü
http://geneg.net/resource/Antifa,ANTIFA,https://www.wikidata.org/wiki/Q61081837,"('Antifa', 100)",Antifa_in_Deutschland
http://geneg.net/resource/Bundesbauministeriums,Bundesbauministeriums,https://www.wikidata.org/wiki/Q491637,"('Bundesbauministerium', 98)",Bundesministerium_F√ºr_Verkehr_Und_Digitale_Infrastruktur
http://geneg.net/resource/Champs_Elysees,Champs Elysees,https://www.wikidata.org/wiki/Q550,"('Champs-Elysees', 100)",Avenue_Des_Champs-√âlys√©es
http://geneg.net/resource/Eu-Kommision,EU-Kommision,https://www.wikidata.org/wiki/Q8880,"('EU-Kommission', 96)",Europ√§ische_Kommission
http://geneg.net/resource/Hartz_Iv,Hartz IV.,https://www.wikidata.org/wiki/Q628569,"('Hartz-IV', 100)",Arbeitslosengeld_II
http://geneg.net/resource/Europa-Kritik,Europa-Kritik,https://www.wikidata.org/wiki/Q223200,"('Europakritik', 96)",Europaskepsis
http://geneg.net/resource/Bauer,BAUER,https://www.wikidata.org/wiki/Q554198,"('Bauer', 100)",Bauer_Media_Group
http://geneg.net/resource/Covid19,Covid19,https://www.wikidata.org/wiki/Q84263196,"('COVID19', 100)",Covid-19
http://geneg.net/resource/Bamf,Bamf,https://www.wikidata.org/wiki/Q1005470,"('BAMF', 100)",Bundesamt_F√ºr_Migration_Und_Fl√ºchtlinge
http://geneg.net/resource/Auschwitz-√úberlebende,Auschwitz-√úberlebende,https://www.wikidata.org/wiki/Q7341,"('Auschwitz√ºberlebenden', 95)",KZ_Auschwitz
http://geneg.net/resource/Evangelische_Landeskirche,Evangelische Landeskirche,https://www.wikidata.org/wiki/Q896868,"('Evangelischen Landeskirche', 98)",Evangelische_Landeskirche_in_W√ºrttemberg
http://geneg.net/resource/Asta,AStA-,https://www.wikidata.org/wiki/Q2648959,"('AStA', 100)",Allgemeiner_Studierendenausschuss
http://geneg.net/resource/Aus,aus,https://www.wikidata.org/wiki/Q408,"('AUS', 100)",Australien
http://geneg.net/resource/Gaza-Streifens,Gazastreifens,https://www.wikidata.org/wiki/Q39760,"('Gazastreifen', 96)",Gazastreifen
http://geneg.net/resource/Us-Wahlen,USA-Wahlen,https://www.wikidata.org/wiki/Q22019872,"('US-Wahlen', 95)",Wahlen_in_Den_Vereinigten_Staaten_2020
http://geneg.net/resource/Zum,zum,https://www.wikidata.org/wiki/Q494829,"('ZUM', 100)",Busbahnhof
http://geneg.net/resource/Alejandra_Kollontai,Alejandra Kollontai,https://www.wikidata.org/wiki/Q179558,"('Alexandra Kollontai', 95)",Alexandra_Michailowna_Kollontai
http://geneg.net/resource/Putin,putin,https://www.wikidata.org/wiki/Q7747,"('Putin', 100)",Wladimir_Wladimirowitsch_Putin
http://geneg.net/resource/Shermin_Langhoffs,Shermin Langhoffs,https://www.wikidata.org/wiki/Q389003,"('Shermin Langhoff', 97)",≈ûermin_Langhoff
http://geneg.net/resource/Uno-Truppen,UNO-Truppen,https://www.wikidata.org/wiki/Q219575,"('UN-Truppen', 95)",Friedenstruppen_Der_Vereinten_Nationen
http://geneg.net/resource/Uno-Organisationen,Uno-Organisationen,https://www.wikidata.org/wiki/Q1065,"('UN-Organisationen', 97)",Vereinte_Nationen
http://geneg.net/resource/Dschisr_Al_Schugur,Dschisr al Schugur,https://www.wikidata.org/wiki/Q798765,"('Dschisr al Schughur', 97)",Dschisr_Asch-Schughur
http://geneg.net/resource/Obamacare,ObamaCare,https://www.wikidata.org/wiki/Q1414593,"('Obamacare', 100)",Patient_Protection_and_Affordable_Care_Act
http://geneg.net/resource/S√©rgio_Fernando_Moro,S√©rgio Fernando Moro,https://www.wikidata.org/wiki/Q19607958,"('Sergio Fernando Moro', 97)",Sergio_Moro
http://geneg.net/resource/Britischen_Conservative_Party,Britischen Conservative Party,https://www.wikidata.org/wiki/Q9626,"('British Conservative Party', 95)",Conservative_Party
http://geneg.net/resource/Eu_Parlament,EU Parlament,https://www.wikidata.org/wiki/Q8889,"('EU-Parlament', 100)",Europ√§isches_Parlament
http://geneg.net/resource/√ñgd,√ñGD,https://www.wikidata.org/wiki/Q769,"('gd', 100)",Grenada
http://geneg.net/resource/Blacklivesmatter,blacklivesmatters,https://www.wikidata.org/wiki/Q19600530,"('#BlackLivesMatter', 97)",Black_Lives_Matter
http://geneg.net/resource/S√§chsischen_Schweiz/Osterzgebirge,S√§chsischen Schweiz/Osterzgebirge,https://www.wikidata.org/wiki/Q6323,"('S√§chsische Schweiz-Osterzgebirge', 98)",Landkreis_S√§chsische_Schweiz-Osterzgebirge
http://geneg.net/resource/National_Feminin,National Feminin,https://www.wikidata.org/wiki/Q90146192,"('National feminin', 100)",Tatort:_National_Feminin
http://geneg.net/resource/Eu-Flaggen,EU-Flaggen,https://www.wikidata.org/wiki/Q122482,"('EU-Flagge', 95)",Europaflagge
http://geneg.net/resource/Liberalen_Hochschulgruppe,Liberalen Hochschulgruppe,https://www.wikidata.org/wiki/Q1008925,"('Liberale Hochschulgruppe', 98)",Bundesverband_Liberaler_Hochschulgruppen
http://geneg.net/resource/Recep_Tayyeb_Erdogan,Recep Tayyib Erdogan,https://www.wikidata.org/wiki/Q39259,"('Recep Tayyip Erdogan', 95)",Recep_Tayyip_Erdoƒüan
http://geneg.net/resource/Presstitute,presstitute,https://www.wikidata.org/wiki/Q18762431,"('presstitutes', 96)",L√ºgenpresse
http://geneg.net/resource/First,FIRST,https://www.wikidata.org/wiki/Q800093,"('First', 100)",Dachfirst
http://geneg.net/resource/DDR-Flaggen,DDR-Flaggen,https://www.wikidata.org/wiki/Q7624391,"('DDR-Flagge', 95)",Flagge_Der_Deutschen_Demokratischen_Republik
http://geneg.net/resource/Jafd,JAFD,https://www.wikidata.org/wiki/Q57082597,"('JAfD', 100)",Juden_in_Der_AfD
http://geneg.net/resource/As,A.s,https://www.wikidata.org/wiki/Q35715,"('S.A.', 100)",South_Australia
http://geneg.net/resource/New_York_Time,New York Time,https://www.wikidata.org/wiki/Q9684,"('New York Times', 96)",The_New_York_Times
http://geneg.net/resource/Antonio,Antonio-,https://www.wikidata.org/wiki/Q2857507,"('Antonio', 100)",Antonio_De_G√°lvez_Y_Gallardo
http://geneg.net/resource/Nikolaustags,Nikolaustags,https://www.wikidata.org/wiki/Q44269,"('Nikolaustag', 96)",Nikolaus_Von_Myra
http://geneg.net/resource/Franz_Josef_Strauss_ÃÅ,Franz Josef Strauss¬¥,https://www.wikidata.org/wiki/Q44620,"('Franz Josef Strauss', 100)",Franz_Josef_Strau√ü
http://geneg.net/resource/Vereinten_Arabischen_Emiraten,vereinigten Arabischen Emiraten,https://www.wikidata.org/wiki/Q878,"('Vereinigten Arabischen Emirate', 98)",Vereinigte_Arabische_Emirate
http://geneg.net/resource/Pi-News,PI NEWS,https://www.wikidata.org/wiki/Q2101411,"('PI-News', 100)",Politically_Incorrect
http://geneg.net/resource/Nordkaukasusregion,Nordkaukasusregion,https://www.wikidata.org/wiki/Q37736,"('Region Nordkaukasus', 97)",Nordkaukasus
http://geneg.net/resource/Integration,Integration.,https://www.wikidata.org/wiki/Q370735,"('Integration', 100)",Soziale_Integration
http://geneg.net/resource/T,T.,https://www.wikidata.org/wiki/Q163343,"('T', 100)",Tesla
http://geneg.net/resource/Us-Heimatschutzministeriums,US-Heimatschutzministeriums,https://www.wikidata.org/wiki/Q11231,"('US-Heimatschutzministerium', 98)",Ministerium_F√ºr_Innere_Sicherheit_Der_Vereinigten_Staaten
http://geneg.net/resource/Kretschmanns,Kretschmanns,https://www.wikidata.org/wiki/Q61051,"('Kretschmann', 96)",Winfried_Kretschmann
http://geneg.net/resource/Economic_Partnership_Agreements,Economic Partnership Agreements,https://www.wikidata.org/wiki/Q30749427,"('Economic Partnership Agreement', 98)",Freihandelsabkommen_EU-Japan
http://geneg.net/resource/Srilanka,SriLanka,https://www.wikidata.org/wiki/Q854,"('Srilanka', 100)",Sri_Lanka
http://geneg.net/resource/The_Former_Yugoslav_Republic_of_Macedonia,The former Yugoslav Republic of Macedonia,https://www.wikidata.org/wiki/Q221,"('Former Yugoslav Republic of Macedonia', 95)",Nordmazedonien
http://geneg.net/resource/Insterburgs,Insterburgs,https://www.wikidata.org/wiki/Q5655,"('Insterburg', 95)",Tschernjachowsk
http://geneg.net/resource/Heartland-Institut,Heartland-Institut,https://www.wikidata.org/wiki/Q3151745,"('Heartland Institute', 97)",The_Heartland_Institute
http://geneg.net/resource/FDP,FDP-,https://www.wikidata.org/wiki/Q13124,"('FDP', 100)",Freie_Demokratische_Partei
http://geneg.net/resource/Seehofer,seehofer,https://www.wikidata.org/wiki/Q44612,"('Seehofer', 100)",Horst_Seehofer
http://geneg.net/resource/Philip_Morris,philip morris,https://www.wikidata.org/wiki/Q1852556,"('Philip Morris', 100)",Philip_Morris_International
http://geneg.net/resource/Fhre,FHRE,https://www.wikidata.org/wiki/Q12024,"('F√∂hre', 100)",Kiefern
http://geneg.net/resource/F√∂r,F√ñR,https://www.wikidata.org/wiki/Q150,"('(fr)', 100)",Franz√∂sisch
http://geneg.net/resource/BDS-Bewegung,BDS‚Äú-Bewegung,https://www.wikidata.org/wiki/Q895904,"('BDS-Bewegung', 100)","Boycott,_Divestment_and_Sanctions"
http://geneg.net/resource/Mashirafael,@MashiRafael,https://www.wikidata.org/wiki/Q19581,"('Mashi Rafael', 96)",Rafael_Correa
http://geneg.net/resource/Ibiza-Gate,Ibiza-Gate,https://www.wikidata.org/wiki/Q63928206,"('Ibiza-gate', 100)",Ibiza-Aff√§re
http://geneg.net/resource/Publico,PUBLICO,https://www.wikidata.org/wiki/Q1757086,"('Publico', 100)",P√∫blico
http://geneg.net/resource/Union,Union-,https://www.wikidata.org/wiki/Q178790,"('union', 100)",Gewerkschaft
http://geneg.net/resource/Merkel,merkel,https://www.wikidata.org/wiki/Q567,"('Merkel', 100)",Angela_Merkel
http://geneg.net/resource/Bayerischen_Hofs,Bayerischen Hofs,https://www.wikidata.org/wiki/Q728213,"('Bayerischen Hof', 97)",Hotel_Bayerischer_Hof
http://geneg.net/resource/Luk,LUK,https://www.wikidata.org/wiki/Q39939,"('Luk.', 100)",Lukas
http://geneg.net/resource/Groko,Groko,https://www.wikidata.org/wiki/Q2184704,"('GroKo', 100)",Gro√üe_Koalition
http://geneg.net/resource/Ric,Ric,https://www.wikidata.org/wiki/Q2146670,"('RIC', 100)",Reuters_Instrument_Code
http://geneg.net/resource/Brawl,Brawl,https://www.wikidata.org/wiki/Q650711,"('brawl', 100)",Kampf
http://geneg.net/resource/Ph,Ph.,https://www.wikidata.org/wiki/Q928,"('ph', 100)",Philippinen
http://geneg.net/resource/Bolsonaros,Bolsonaros,https://www.wikidata.org/wiki/Q10304982,"('Bolsonaro', 95)",Jair_Bolsonaro
http://geneg.net/resource/Wiedervereinigung_Deutschland,Wiedervereinigung Deutschland,https://www.wikidata.org/wiki/Q56039,"('Wiedervereinigung Deutschlands', 98)",Deutsche_Wiedervereinigung
http://geneg.net/resource/Schieder,@SCHIEDER,https://www.wikidata.org/wiki/Q50889,"('Schieder', 100)",Schieder-Schwalenberg
http://geneg.net/resource/Gunther,GUNTHER,https://www.wikidata.org/wiki/Q1555002,"('Gunther', 100)",Gunther_Von_Bamberg
http://geneg.net/resource/Bad_T√∂lz/Wolfratshausen,Bad T√∂lz/Wolfratshausen,https://www.wikidata.org/wiki/Q10522,"('Bad T√∂lz-Wolfratshausen', 100)",Landkreis_Bad_T√∂lz-Wolfratshausen
http://geneg.net/resource/BDS-Movement,BDS-Movement,https://www.wikidata.org/wiki/Q895904,"('BDS Movement', 100)","Boycott,_Divestment_and_Sanctions"
http://geneg.net/resource/Abdel_Fattah_Es-Sisi,Abdel Fattah es-Sisi,https://www.wikidata.org/wiki/Q307871,"('Abdel Fattah el-Sisi', 95)",Abd_Al-Fattah_as-Sisi
http://geneg.net/resource/Of,of,https://www.wikidata.org/wiki/Q1142885,"('OF', 100)",Outfielder
http://geneg.net/resource/Intermediate_Range_Nuclear_Forces,Intermediate Range¬†Nuclear Forces,https://www.wikidata.org/wiki/Q169401,"('Intermediate Range Nuclear Forces', 100)",INF-Vertrag
http://geneg.net/resource/Junge_Alternative,Junge¬†Alternative,https://www.wikidata.org/wiki/Q23541630,"('Junge Alternative', 100)",Junge_Alternative_F√ºr_Deutschland
http://geneg.net/resource/Sozialverbandes_VDK_Deutschland_Ev,Sozialverbandes VdK Deutschland e. V.,https://www.wikidata.org/wiki/Q1604553,"('Sozialverband VdK Deutschland e. V.', 97)",Sozialverband_VdK_Deutschland
http://geneg.net/resource/Galeria_Kaufhof_Karstadt,Galeria/Kaufhof/Karstadt,https://www.wikidata.org/wiki/Q80220059,"('Galeria Karstadt Kaufhof', 100)",Galeria
http://geneg.net/resource/Balkan-Staaten,Balkan-Staaten,https://www.wikidata.org/wiki/Q23522,"('Balkanstaaten', 96)",Balkanhalbinsel
http://geneg.net/resource/Salvini,salvini,https://www.wikidata.org/wiki/Q1055449,"('Salvini', 100)",Matteo_Salvini
http://geneg.net/resource/Unep,Unep,https://www.wikidata.org/wiki/Q182016,"('UNEP', 100)",Umweltprogramm_Der_Vereinten_Nationen
http://geneg.net/resource/√ñr,√ñR,https://www.wikidata.org/wiki/Q1303905,"('R.', 100)",Rab
http://geneg.net/resource/Game,GAME,https://www.wikidata.org/wiki/Q189936,"('Game', 100)",The_Game
http://geneg.net/resource/Coronakrise,Corona Krise,https://www.wikidata.org/wiki/Q81068910,"('Corona-Krise', 100)",COVID-19-Pandemie
http://geneg.net/resource/Gr√ºnenpolitiker,Gr√ºnenpolitiker,https://www.wikidata.org/wiki/Q49766,"('Gr√ºnen-Politiker', 97)",B√ºndnis_90/Die_Gr√ºnen
http://geneg.net/resource/Tagesanzeigers,Tagesanzeigers,https://www.wikidata.org/wiki/Q677683,"('Tagesanzeiger', 96)",Tages-Anzeiger
http://geneg.net/resource/Qassem_Soleimanis,Qassem Soleimanis,https://www.wikidata.org/wiki/Q892014,"('Qassem Soleimani', 97)",Qassem_Suleimani
http://geneg.net/resource/Zionist_Occupational_Government,Zionist Occupational Government,https://www.wikidata.org/wiki/Q205364,"('Zionist Occupation Government', 97)",Zionist_Occupied_Government
http://geneg.net/resource/E,E..,https://www.wikidata.org/wiki/Q2691960,"('E.', 100)",Elfmeterschie√üen
http://geneg.net/resource/D√∂nermorden,D√∂ner-Morden,https://www.wikidata.org/wiki/Q369336,"('D√∂ner-Morde', 95)",Ceska-Mordserie
http://geneg.net/resource/Deutschlandweit,Deutschlandweit,https://www.wikidata.org/wiki/Q183,"('deutschlandweit', 100)",Deutschland
http://geneg.net/resource/Starbucks-Coffee,Starbucks-Coffee,https://www.wikidata.org/wiki/Q37158,"('Starbucks Coffee', 100)",Starbucks
http://geneg.net/resource/Bayrischen_Rundfunk,Bayrischen Rundfunk,https://www.wikidata.org/wiki/Q278637,"('Bayerischen Rundfunk', 97)",Bayerischer_Rundfunk
http://geneg.net/resource/Spon,Spon,https://www.wikidata.org/wiki/Q278151,"('SPON', 100)",Der_Spiegel
http://geneg.net/resource/Ksta,KSTA,https://www.wikidata.org/wiki/Q462023,"('KStA', 100)",K√∂lner_Stadt-Anzeiger
http://geneg.net/resource/Uno_Generalversammlung,UNO Generalversammlung,https://www.wikidata.org/wiki/Q47423,"('UNO-Generalversammlung', 100)",Generalversammlung_Der_Vereinten_Nationen
http://geneg.net/resource/Internationalen_Kommunistischen_Liga,Internationalen Kommunistischen Liga,https://www.wikidata.org/wiki/Q206682,"('Internationale Kommunistische Liga', 97)",Vierte_Internationale
http://geneg.net/resource/Holocaust-Leugners,Holocaust-Leugners,https://www.wikidata.org/wiki/Q151296,"('Holocaust-Leugner', 97)",Holocaustleugnung
http://geneg.net/resource/Kyffh√§usergebirges,Kyffh√§usergebirges,https://www.wikidata.org/wiki/Q682596,"('Kyffh√§usergebirge', 97)",Kyffh√§user
http://geneg.net/resource/Ab,ab,https://www.wikidata.org/wiki/Q1765120,"('AB', 100)",Bachelor_of_Arts
http://geneg.net/resource/N√ºrnberger_Rassegesetze,N√ºrnberger ‚ÄöRassegesetze,https://www.wikidata.org/wiki/Q27906,"('N√ºrnberger Rassegesetze', 100)",N√ºrnberger_Gesetze
http://geneg.net/resource/Covid-19_Virus,Covid-19 Virus,https://www.wikidata.org/wiki/Q82069695,"('COVID-19 virus', 100)",SARS-CoV-2
http://geneg.net/resource/G√ºnther_Walraff,G√ºnter Walraff,https://www.wikidata.org/wiki/Q76529,"('G√ºnter Wallraff', 96)",G√ºnter_Wallraff
http://geneg.net/resource/Fujimori,Fujimori-,https://www.wikidata.org/wiki/Q133040,"('Fujimori', 100)",Alberto_Fujimori
http://geneg.net/resource/Us-Geheimdienst,US-Geheimdienstes,https://www.wikidata.org/wiki/Q786878,"('US-Geheimdienste', 97)",United_States_Intelligence_Community
http://geneg.net/resource/Who,Who?,https://www.wikidata.org/wiki/Q7817,"('WHO', 100)",Weltgesundheitsorganisation
http://geneg.net/resource/Sabrata,sabrata,https://www.wikidata.org/wiki/Q15052130,"('Sabrata', 100)",Sabratha
http://geneg.net/resource/Ford-Werks,Ford-Werk,https://www.wikidata.org/wiki/Q571943,"('Ford-Werke', 95)",Ford_Deutschland
http://geneg.net/resource/Snowden_Leaks,Snowden Leaks,https://www.wikidata.org/wiki/Q13644106,"('Snowden-Leaks', 100)",Globale_√úberwachungs-_Und_Spionageaff√§re
http://geneg.net/resource/Westlichen,Westlichen,https://www.wikidata.org/wiki/Q1074982,"('Westliche', 95)",Westlicher_Baray
http://geneg.net/resource/Ard-Faktenfinders,ARD-Faktenfinders,https://www.wikidata.org/wiki/Q1409067,"('ARD-Faktenfinder', 97)",tagesschau.de
http://geneg.net/resource/Arabischem_Fr√ºhling,Arabischem Fr√ºhling,https://www.wikidata.org/wiki/Q33761,"('arabische Fr√ºhling', 97)",Arabischer_Fr√ºhling
http://geneg.net/resource/Schengen-Visums,Schengen-Visums,https://www.wikidata.org/wiki/Q170404,"('Schengen-Visum', 97)",Visum
http://geneg.net/resource/Haftar,haftar,https://www.wikidata.org/wiki/Q2298768,"('Haftar', 100)",Chalifa_Haftar
http://geneg.net/resource/Ukip,Ukip,https://www.wikidata.org/wiki/Q10647,"('UKIP', 100)",UK_Independence_Party
http://geneg.net/resource/Manifestes,Manifests,https://www.wikidata.org/wiki/Q46337,"('manifestos', 95)",Manifest
http://geneg.net/resource/Koban,Koban,https://www.wikidata.org/wiki/Q126415,"('Koban√Æ', 100)",Ain_Al-Arab
http://geneg.net/resource/Gene_Sharpes,Gene Sharps,https://www.wikidata.org/wiki/Q263681,"('Gene Sharp', 95)",Gene_Sharp
http://geneg.net/resource/Al_Sisi,al Sisi,https://www.wikidata.org/wiki/Q307871,"('Al Sisi', 100)",Abd_Al-Fattah_as-Sisi
http://geneg.net/resource/Hezsbollah,Hezsbollah,https://www.wikidata.org/wiki/Q41053,"('Hezbollah', 95)",Hisbollah
http://geneg.net/resource/Joh,joh,https://www.wikidata.org/wiki/Q5951723,"('JOH', 100)",Juan_Orlando_Hern√°ndez
http://geneg.net/resource/√Ålavaro_Uribe,√Ålavaro Uribe,https://www.wikidata.org/wiki/Q187413,"('√Ålvaro Uribe', 96)",√Ålvaro_Uribe_V√©lez
http://geneg.net/resource/BND,bnd,https://www.wikidata.org/wiki/Q272969,"('BND', 100)",Bundesnachrichtendienst
http://geneg.net/resource/Deutschen_Bruderkrieg,deutschen Bruderkrieg,https://www.wikidata.org/wiki/Q153650,"('Deutscher Bruderkrieg', 95)",Deutscher_Krieg
http://geneg.net/resource/Eu-Gipfels,EU-Gipfels,https://www.wikidata.org/wiki/Q8886,"('EU-Gipfel', 95)",Europ√§ischer_Rat
http://geneg.net/resource/Pro,pro,https://www.wikidata.org/wiki/Q484583,"('Pro', 100)",DL-Prolin
http://geneg.net/resource/T√ºv,T√úV-,https://www.wikidata.org/wiki/Q672,"('tv', 100)",Tuvalu
http://geneg.net/resource/Eugh,EUGH,https://www.wikidata.org/wiki/Q1518827,"('Eugh', 100)",Europ√§ischer_Gerichtshof
http://geneg.net/resource/Oecd-L√§nder,OECD-L√§nder,https://www.wikidata.org/wiki/Q41550,"('OECD-L√§ndern', 95)",Oecd
http://geneg.net/resource/Rot-Rot-Gr√ºne,Rot-Rot-Gr√ºne,https://www.wikidata.org/wiki/Q2167999,"('Rot-Rot-Gr√ºn', 96)",Rot-Rot-Gr√ºne_Koalition
http://geneg.net/resource/Poroschenkos,Poroschenkos,https://www.wikidata.org/wiki/Q58077,"('Poroschenko', 96)",Petro_Poroschenko
http://geneg.net/resource/Dashnaksutyun,Dashnaksutyun,https://www.wikidata.org/wiki/Q318657,"('Dashnaktsutyun', 96)",Armenische_Revolution√§re_F√∂deration
http://geneg.net/resource/Gr√∂nemeyers,Gr√∂nemeyers,https://www.wikidata.org/wiki/Q275247,"('Gr√∂nemeyer', 95)",Herbert_Gr√∂nemeyer
http://geneg.net/resource/Class,CLASS,https://www.wikidata.org/wiki/Q37517,"('class', 100)",Klasse
http://geneg.net/resource/Tom√°_G_Masaryk,Tom√° G. Masaryk,https://www.wikidata.org/wiki/Q78492,"('Tom√°≈° G. Masaryk', 96)",Tom√°≈°_Garrigue_Masaryk
http://geneg.net/resource/Andreas_T,Andreas T.,https://www.wikidata.org/wiki/Q43399,"('St. Andreas', 95)",Andreas
http://geneg.net/resource/Maidan,Maidan-,https://www.wikidata.org/wiki/Q15224558,"('Maidan', 100)",Euromaidan
http://geneg.net/resource/Gaddafi,gaddafi,https://www.wikidata.org/wiki/Q19878,"('Gaddafi', 100)",Muammar_Al-Gaddafi
http://geneg.net/resource/DDR-B√ºrgerrechtlern,DDR-B√ºrgerrechtlern,https://www.wikidata.org/wiki/Q2027189,"('DDR-B√ºrgerrechtler', 97)",Opposition_Und_Widerstand_in_Der_DDR
http://geneg.net/resource/Internationalen_Organisation_F√ºr_Migration_Iom,Internationalen Organisation f√ºr Migration IOM,https://www.wikidata.org/wiki/Q472311,"('Internationalen Organisation \u200ef√ºr Migration', 95)",Internationale_Organisation_F√ºr_Migration
http://geneg.net/resource/Ag_Sulzberger,A.G. Sulzberger,https://www.wikidata.org/wiki/Q24743245,"('A. G. Sulzberger', 100)",Arthur_Gregg_Sulzberger
http://geneg.net/resource/Erdogan,erdogan,https://www.wikidata.org/wiki/Q39259,"('Erdogan', 100)",Recep_Tayyip_Erdoƒüan
http://geneg.net/resource/Pew,Pew,https://www.wikidata.org/wiki/Q1635722,"('PEW', 100)",Pew_Research_Center
http://geneg.net/resource/Afghanistan-Einsatzes,Afghanistan-Einsatzes,https://www.wikidata.org/wiki/Q182865,"('Afghanistan-Einsatz', 95)",Krieg_in_Afghanistan_Seit_2001
http://geneg.net/resource/Dielinke,@dieLinke,https://www.wikidata.org/wiki/Q49764,"('Die\xa0Linke', 100)",Die_Linke
http://geneg.net/resource/Insa-Conulere,INSA-Conulere,https://www.wikidata.org/wiki/Q28195985,"('INSA-Consulere', 96)",Institut_F√ºr_Neue_Soziale_Antworten
http://geneg.net/resource/Minusma,Minusma,https://www.wikidata.org/wiki/Q12525579,"('MINUSMA', 100)",United_Nations_Multidimensional_Integrated_Stabilization_Mission_in_Mali
http://geneg.net/resource/Occupy,Occupy-,https://www.wikidata.org/wiki/Q939103,"('Occupy', 100)",Occupy-Bewegung
http://geneg.net/resource/achgut.com,achgut.com,https://www.wikidata.org/wiki/Q1210908,"('Achgut.com', 100)",Die_Achse_Des_Guten
http://geneg.net/resource/Campact_Blog,Campact Blog,https://www.wikidata.org/wiki/Q1030068,"('Campact (blog)', 100)",Campact
http://geneg.net/resource/Facebook-Seite,Facebookseite,https://www.wikidata.org/wiki/Q355,"('Facebook-Seite', 96)",Facebook
http://geneg.net/resource/Instagram-Accounts,Instagram-Accounts,https://www.wikidata.org/wiki/Q209330,"('Instagram-Account', 97)",Instagram
http://geneg.net/resource/11,/11,https://www.wikidata.org/wiki/Q9026,"('11', 100)",Bundesautobahn_11
http://geneg.net/resource/Samariters,Samariters,https://www.wikidata.org/wiki/Q182651,"('Samariter', 95)",Samaritaner
http://geneg.net/resource/Nato-Generalsekret√§rs,Nato-Generalsekret√§r,https://www.wikidata.org/wiki/Q7184,"('NATO-Generalsekret√§r', 100)",Nato
http://geneg.net/resource/Steven_Bannon,Steven Bannon,https://www.wikidata.org/wiki/Q16146870,"('Steve Bannon', 96)",Stephen_Bannon
http://geneg.net/resource/Eu-Europ√§er,EU-Europ√§ern,https://www.wikidata.org/wiki/Q394067,"('EU-)Europ√§er', 95)",Europ√§er
http://geneg.net/resource/Koch-Br√ºder,Koch-Br√ºder,https://www.wikidata.org/wiki/Q1496384,"('Koch-Br√ºdern', 95)",Koch_Industries
http://geneg.net/resource/Konstantin,KONSTANTIN,https://www.wikidata.org/wiki/Q8413,"('Konstantin', 100)",Konstantin_Der_Gro√üe
http://geneg.net/resource/Karin_G√∂ring-Eckhart,Karin G√∂ring-Eckhart,https://www.wikidata.org/wiki/Q48967,"('Katrin G√∂ring Eckhardt', 95)",Katrin_G√∂ring-Eckardt
http://geneg.net/resource/√úlk√ºc√º-Bewegung,√úlk√ºc√º‚Äú-Bewegung,https://www.wikidata.org/wiki/Q1142831,"('√úlk√ºc√º-Bewegung', 100)",Graue_W√∂lfe
http://geneg.net/resource/Ipcc,ipcc,https://www.wikidata.org/wiki/Q171183,"('IPCC', 100)",Intergovernmental_Panel_on_Climate_Change
http://geneg.net/resource/Al-Hasakah,al-Hasakah,https://www.wikidata.org/wiki/Q233914,"('Al-Hasaka', 95)",Gouvernement_Al-Hasaka
http://geneg.net/resource/Hartz-Iv-Empf√§ngerin,Hartz-IV-Empf√§ngern,https://www.wikidata.org/wiki/Q628569,"('Hartz-IV-Empf√§nger', 97)",Arbeitslosengeld_II
http://geneg.net/resource/Steve_Bannons,Steve Bannons,https://www.wikidata.org/wiki/Q16146870,"('Steve Bannon', 96)",Stephen_Bannon
http://geneg.net/resource/Hc_Strache,hc strache,https://www.wikidata.org/wiki/Q44733,"('HC Strache', 100)",Heinz-Christian_Strache
http://geneg.net/resource/Putin_Wladimir,"Putin, Wladimir",https://www.wikidata.org/wiki/Q7747,"('Wladimir Putin', 100)",Wladimir_Wladimirowitsch_Putin
http://geneg.net/resource/Th√ºringer_Heimatschutzes,Th√ºringer Heimatschutzes,https://www.wikidata.org/wiki/Q1968356,"('Th√ºringer Heimatschutz', 95)",Nationales_Und_Soziales_Aktionsb√ºndnis_Mitteldeutschland
http://geneg.net/resource/SPD-Politikerin,SPD-Politikern,https://www.wikidata.org/wiki/Q49768,"('SPD-Politiker', 96)",Sozialdemokratische_Partei_Deutschlands
http://geneg.net/resource/West-Ost-Konflikt,West-Ost-Konflikt,https://www.wikidata.org/wiki/Q8683,"('Ost-West-Konflikt', 100)",Kalter_Krieg
http://geneg.net/resource/Internationalen_Frauenkampftag,Internationalen Frauenkampftag,https://www.wikidata.org/wiki/Q38964,"('Internationaler Frauenkampftag', 97)",Internationaler_Frauentag
http://geneg.net/resource/Unasur,Unasur,https://www.wikidata.org/wiki/Q4230,"('UNASUR', 100)",Union_S√ºdamerikanischer_Nationen
http://geneg.net/resource/Eu-Parlamentes,EU Parlaments,https://www.wikidata.org/wiki/Q8889,"('EU-Parlament', 96)",Europ√§isches_Parlament
http://geneg.net/resource/Right,Right,https://www.wikidata.org/wiki/Q76074,"('right', 100)",Politische_Rechte
http://geneg.net/resource/Mh17,MH17.,https://www.wikidata.org/wiki/Q17374096,"('MH17', 100)",Malaysia-Airlines-Flug_17
http://geneg.net/resource/Uno-Generalskret√§r,UNO-Generalskret√§r,https://www.wikidata.org/wiki/Q81066,"('UNO-Generalsekret√§r', 97)",Generalsekret√§r_Der_Vereinten_Nationen
http://geneg.net/resource/GDP,GdP.,https://www.wikidata.org/wiki/Q422582,"('GDP', 100)",Guanosindiphosphat
http://geneg.net/resource/Geschichte,US-)Geschichte,https://www.wikidata.org/wiki/Q131110,"('US-Geschichte', 100)",Geschichte_Der_Vereinigten_Staaten
http://geneg.net/resource/Jm,JM,https://www.wikidata.org/wiki/Q766,"('jm', 100)",Jamaika
http://geneg.net/resource/Laschet,Laschet‚Äú‚Äì,https://www.wikidata.org/wiki/Q30330413,"('Laschet', 100)",Kabinett_Laschet
http://geneg.net/resource/Steinmeier,Steinmeiers,https://www.wikidata.org/wiki/Q76658,"('Steinmeier', 95)",Frank-Walter_Steinmeier
http://geneg.net/resource/Maripol,Maripol,https://www.wikidata.org/wiki/Q37133,"(""Mari√∫pol'"", 100)",Mariupol
http://geneg.net/resource/Washington-Universit√§t,Washington-Universit√§t,https://www.wikidata.org/wiki/Q219563,"('Universit√§t Washington', 100)",University_of_Washington
http://geneg.net/resource/Hartz-Gesetzen,Hartz-Gesetzen,https://www.wikidata.org/wiki/Q566910,"('Hartz-Gesetze', 96)",Hartz-Konzept
http://geneg.net/resource/Nord_Stream-2,Nord Stream 2.,https://www.wikidata.org/wiki/Q154125,"('Nord Stream 2', 100)",Nord_Stream
http://geneg.net/resource/Alternativen_Nobelpreise,Alternativen Nobelpreise,https://www.wikidata.org/wiki/Q152770,"('Alternativen Nobelpreis', 98)",Right_Livelyhood_Award
http://geneg.net/resource/Trump,trump,https://www.wikidata.org/wiki/Q22686,"('Trump', 100)",Donald_Trump
http://geneg.net/resource/CHF,chf,https://www.wikidata.org/wiki/Q25344,"('CHF', 100)",Schweizer_Franken
http://geneg.net/resource/O,O.,https://www.wikidata.org/wiki/Q41967,"('O√ñ', 100)",Ober√∂sterreich
http://geneg.net/resource/Goethe,Goethe-,https://www.wikidata.org/wiki/Q5879,"('Goethe', 100)",Johann_Wolfgang_Von_Goethe
http://geneg.net/resource/Gesamtdeutsch,gesamtdeutsch,https://www.wikidata.org/wiki/Q1516107,"('gesamtdeutsche', 96)",Gesamtdeutschland
http://geneg.net/resource/Einprozent,EinProzent,https://www.wikidata.org/wiki/Q56297040,"('Ein Prozent', 95)",Ein_Prozent_F√ºr_Unser_Land
http://geneg.net/resource/Europa-Parlamentarier,Europa-Parlamentarier,https://www.wikidata.org/wiki/Q27169,"('Europaparlamentarier', 98)",Mitglied_Des_Europ√§ischen_Parlaments
http://geneg.net/resource/Susan_Rice,susan rice,https://www.wikidata.org/wiki/Q50612,"('Susan Rice', 100)",Susan_E._Rice
http://geneg.net/resource/T√ºrkeist√§mmiger,T√ºrkeist√§mmiger,https://www.wikidata.org/wiki/Q704608,"('T√ºrkeist√§mmige', 96)",T√ºrkischst√§mmige_in_Deutschland
http://geneg.net/resource/Statistische_Bundesamtes,Statistische Bundesamtes,https://www.wikidata.org/wiki/Q764739,"('Statistischen Bundesamtes', 98)",Statistisches_Bundesamt
http://geneg.net/resource/Freiheitliche,Freiheitliche,https://www.wikidata.org/wiki/Q1212753,"('Freiheitlichen', 96)",Die_Freiheitlichen
http://geneg.net/resource/Pis,PiS.,https://www.wikidata.org/wiki/Q156874,"('PiS', 100)",Prawo_I_Sprawiedliwo≈õƒá
http://geneg.net/resource/Gro√übritannnien,Gro√übritannnien,https://www.wikidata.org/wiki/Q145,"('Gro√übritannien', 96)",Vereinigtes_K√∂nigreich
http://geneg.net/resource/Lega,LEGA,https://www.wikidata.org/wiki/Q47750,"('Lega', 100)",Lega_Nord
http://geneg.net/resource/Maischbergerdie_Woche,maischberger.die woche,https://www.wikidata.org/wiki/Q1330010,"('Maischberger ‚Äì Die Woche', 100)",Maischberger._Die_Woche
http://geneg.net/resource/Bah,Bah,https://www.wikidata.org/wiki/Q398,"('BAH', 100)",Bahrain
http://geneg.net/resource/Is-Terrorristen,IS-Terrorristen,https://www.wikidata.org/wiki/Q2429253,"('IS-Terroristen', 97)",Islamischer_Staat
http://geneg.net/resource/Dieselfahrzeugen,Dieselfahrzeugen,https://www.wikidata.org/wiki/Q174174,"('Dieselfahrzeuge', 97)",Dieselmotor
http://geneg.net/resource/Al_Manar_Tv,al-Manar TV,https://www.wikidata.org/wiki/Q286478,"('Al-Manar TV', 100)",Al-Manar
http://geneg.net/resource/Bundestags-Innenausschuss,Bundestags-Innenausschuss,https://www.wikidata.org/wiki/Q1663880,"('Bundestags-Innenausschusses', 96)",Ausschuss_F√ºr_Inneres_Und_Heimat
http://geneg.net/resource/Werner_Patzelt,werner patzelt,https://www.wikidata.org/wiki/Q1555048,"('Werner Patzelt', 100)",Werner_J._Patzelt
http://geneg.net/resource/Mengele,Mengele-,https://www.wikidata.org/wiki/Q57109,"('Mengele', 100)",Josef_Mengele
http://geneg.net/resource/Rackete,#Rackete,https://www.wikidata.org/wiki/Q64851682,"('Rackete', 100)",Carola_Rackete
http://geneg.net/resource/Nora,NORA,https://www.wikidata.org/wiki/Q669694,"('Nora', 100)",Nora_Oder_Ein_Puppenheim
http://geneg.net/resource/Reporter_Sans_Fronti√®res,Reporters sans Fronti√®res,https://www.wikidata.org/wiki/Q154330,"('Reporters sans fronti√®res', 100)",Reporter_Ohne_Grenzen
http://geneg.net/resource/Al-Bagdadi,al-Bagdadi,https://www.wikidata.org/wiki/Q2821724,"('Al-Baghdadi', 95)",Abu_Bakr_Al-Baghdadi
http://geneg.net/resource/Leonid_Breschnjew,Leonid Breschnjew,https://www.wikidata.org/wiki/Q765165,"('Leonid Breschnew', 97)",Leonid_Iljitsch_Breschnew
http://geneg.net/resource/8chan,8Chan,https://www.wikidata.org/wiki/Q18712091,"('8chan', 100)",8kun
http://geneg.net/resource/HVG,hvg,https://www.wikidata.org/wiki/Q545531,"('HVG', 100)",Heti_Vil√°ggazdas√°g
http://geneg.net/resource/Compact_Online,COMPACT-Online,https://www.wikidata.org/wiki/Q15803741,"('Compact (Online)', 100)",Compact
http://geneg.net/resource/Bonn_Bad_Godesberg,Bonn Bad Godesberg,https://www.wikidata.org/wiki/Q153260,"('Bonn-Bad Godesberg', 100)",Bad_Godesberg
http://geneg.net/resource/Dom,dom,https://www.wikidata.org/wiki/Q784,"('DOM', 100)",Dominica
http://geneg.net/resource/Len√≠n,Len√≠n,https://www.wikidata.org/wiki/Q65910,"('Lenn√©', 100)",Peter_Joseph_Lenn√©
http://geneg.net/resource/Mittelmeerk√ºsten,Mittelmeerk√ºsten,https://www.wikidata.org/wiki/Q4918,"('Mittelmeerk√ºste', 97)",Mittelmeer
http://geneg.net/resource/Nine/Eleven,Nine/Eleven,https://www.wikidata.org/wiki/Q10806,"('Nine-Eleven', 100)",Terroranschl√§ge_Am_11._September_2001
http://geneg.net/resource/G20,G20.,https://www.wikidata.org/wiki/Q19771,"('G20', 100)",Gruppe_Der_Zwanzig_Wichtigsten_Industrie-_Und_Schwellenl√§nder
http://geneg.net/resource/Reichsb√ºrger,REICHSB√úRGER,https://www.wikidata.org/wiki/Q883021,"('Reichsb√ºrger', 100)",Reichsb√ºrgerge≈øeÍú©
http://geneg.net/resource/Fp√∂-Politiker,FP√ñ-Politiker,https://www.wikidata.org/wiki/Q13124,"('FDP-Politiker', 96)",Freie_Demokratische_Partei
http://geneg.net/resource/Europaweiter,europaweite,https://www.wikidata.org/wiki/Q46,"('Europaweit', 95)",Europa
http://geneg.net/resource/Fn,fn,https://www.wikidata.org/wiki/Q8228,"('FN', 100)",Bodenseekreis
http://geneg.net/resource/N√ºrnberger_Kriegsverbrecher-Prozessen,N√ºrnberger Kriegsverbrecher-Prozessen,https://www.wikidata.org/wiki/Q80130,"('N√ºrnberger Kriegsverbrecher-Prozesse', 99)",N√ºrnberger_Prozess_Gegen_Die_Hauptkriegsverbrecher
http://geneg.net/resource/Nord-Syrien,nordsyrien,https://www.wikidata.org/wiki/Q858,"('Nordsyrien', 100)",Syrien
http://geneg.net/resource/Cdu-Parteitags,CDU-Parteitags,https://www.wikidata.org/wiki/Q58115296,"('CDU-Parteitag', 96)",Parteitag_Der_CDU_Deutschlands_2018_(Dezember)
http://geneg.net/resource/Walterluebcke,WalterLuebcke,https://www.wikidata.org/wiki/Q2545434,"('Walter_Luebcke', 96)",Walter_L√ºbcke
http://geneg.net/resource/Breitbart-News,Breitbart-News,https://www.wikidata.org/wiki/Q4960434,"('Breitbart News', 100)",Breitbart_News_Network
http://geneg.net/resource/Eunavfor_Med,EUNAVFOR Med,https://www.wikidata.org/wiki/Q19943686,"('EUNAVFOR MED', 100)",European_Union_Naval_Force_-_Mediterranean
http://geneg.net/resource/Trump-Regierung,Trump*-Regierung,https://www.wikidata.org/wiki/Q27811470,"('Trump-Regierung', 100)",Kabinett_Trump
http://geneg.net/resource/Oevp,OEVP,https://www.wikidata.org/wiki/Q186867,"('Oevp', 100)",√ñsterreichische_Volkspartei
http://geneg.net/resource/Dienst,dienst,https://www.wikidata.org/wiki/Q209572,"('Dienst', 100)",Wehrdienst
http://geneg.net/resource/Ted_Talk,Ted Talk,https://www.wikidata.org/wiki/Q189021,"('TED-Talk', 100)",Ted
http://geneg.net/resource/Finanzbuch_Verlag,Finanzbuch Verlag,https://www.wikidata.org/wiki/Q1959000,"('FinanzBuch Verlag', 100)",M√ºnchner_Verlagsgruppe
http://geneg.net/resource/Rio,RIO,https://www.wikidata.org/wiki/Q8678,"('Rio', 100)",Rio_De_Janeiro
http://geneg.net/resource/Jordan-Tal,Jordan-Tal,https://www.wikidata.org/wiki/Q2463859,"('Jordantal', 95)",Jordangraben
http://geneg.net/resource/G√∂ring-Eckardts,G√∂ring-Eckardts,https://www.wikidata.org/wiki/Q48967,"('G√∂ring-Eckardt', 96)",Katrin_G√∂ring-Eckardt
http://geneg.net/resource/Bundestags-Vizepr√§sidentin,Bundestags-Vizepr√§sidentin,https://www.wikidata.org/wiki/Q56024,"('Bundestagsvizepr√§sidentin', 98)",Pr√§sident_Des_Deutschen_Bundestages
http://geneg.net/resource/Carolaracket,CarolaRacket,https://www.wikidata.org/wiki/Q64851682,"('Carola Racket', 96)",Carola_Rackete
http://geneg.net/resource/Tina,TINA,https://www.wikidata.org/wiki/Q3991531,"('Tina', 100)",Tina_Menz
http://geneg.net/resource/Assad,Assad-,https://www.wikidata.org/wiki/Q44329,"('Assad', 100)",Baschar_Al-Assad
http://geneg.net/resource/Strache-Videos,Strache-Video,https://www.wikidata.org/wiki/Q63928206,"('Strachevideo', 96)",Ibiza-Aff√§re
http://geneg.net/resource/Zeit-Online,Zeit‚Äú-Online,https://www.wikidata.org/wiki/Q157142,"('Zeit Online', 100)",Die_Zeit
http://geneg.net/resource/Euro-Rettung,Eurorettung,https://www.wikidata.org/wiki/Q1374470,"('Euro-Rettung', 96)",Euro-Rettungsschirm
http://geneg.net/resource/Chang‚Äôe-,Chang‚Äôe-4,https://www.wikidata.org/wiki/Q723045,"('Chang‚Äôe 4', 100)",Chang'e_4
http://geneg.net/resource/Stonewall_Riots,Stonewall Riots,https://www.wikidata.org/wiki/Q51402,"('Stonewall riots', 100)",Stonewall
http://geneg.net/resource/Georgij_Schukow,Georgij Schukow,https://www.wikidata.org/wiki/Q124617,"('Georgi Schukow', 97)",Georgi_Konstantinowitsch_Schukow
http://geneg.net/resource/Turkstream,Turkstream,https://www.wikidata.org/wiki/Q18810087,"('TurkStream', 100)",Turkish_Stream
http://geneg.net/resource/Humboldtuniversit√§t_Berlin,Humboldtuniversit√§t Berlin,https://www.wikidata.org/wiki/Q152087,"('Humboldt-Universit√§t Berlin', 98)",Humboldt-Universit√§t_Zu_Berlin
http://geneg.net/resource/Dilma_Roussefs,Dilma Roussefs,https://www.wikidata.org/wiki/Q40722,"('Dilma Rousseffs', 97)",Dilma_Rousseff
http://geneg.net/resource/Wef,@wef,https://www.wikidata.org/wiki/Q170418,"('WEF', 100)",Weltwirtschaftsforum
http://geneg.net/resource/Iranische_Revolution,Iranische¬†Revolution,https://www.wikidata.org/wiki/Q126065,"('Iranische Revolution', 100)",Islamische_Revolution
http://geneg.net/resource/Ciudad_J√∫arez,Ciudad J√∫arez,https://www.wikidata.org/wiki/Q26590,"('Ciudad Juarez', 96)",Ciudad_Ju√°rez
http://geneg.net/resource/Nsdap-Mitgliedern,NSDAP-Mitgliedern,https://www.wikidata.org/wiki/Q7320,"('NSDAP-Mitglieder', 97)",Nationalsozialistische_Deutsche_Arbeiterpartei
http://geneg.net/resource/Russisches,Russisches,https://www.wikidata.org/wiki/Q159,"('russisches', 100)",Russland
http://geneg.net/resource/Enderleins,Enderleins,https://www.wikidata.org/wiki/Q72115,"('Enderlein', 95)",G√ºnther_Enderlein
http://geneg.net/resource/Front_Natinal,Front Natinal,https://www.wikidata.org/wiki/Q205150,"('Front national', 96)",Rassemblement_National
http://geneg.net/resource/Weather_Underground_Organisation,Weather Underground Organisation,https://www.wikidata.org/wiki/Q1163724,"('Weather Underground Organization', 97)",Weathermen
http://geneg.net/resource/Vordere_Orient,Vordere Orient,https://www.wikidata.org/wiki/Q7204,"('Vorderer Orient', 97)",Mittlerer_Osten
http://geneg.net/resource/Zeit,‚ÄöZeit,https://www.wikidata.org/wiki/Q157142,"('ZEIT', 100)",Die_Zeit
http://geneg.net/resource/Un-Sozialpakts,UN-Sozialpakts,https://www.wikidata.org/wiki/Q457862,"('UN-Sozialpakt', 96)","Internationaler_Pakt_√úber_Wirtschaftliche,_Soziale_Und_Kulturelle_Rechte"
http://geneg.net/resource/Madsack-Mediengruppe,Madsack-Mediengruppe,https://www.wikidata.org/wiki/Q2516801,"('Madsack Mediengruppe', 100)",Verlagsgesellschaft_Madsack
http://geneg.net/resource/Polenfeldzuges,Polenfeldzugs,https://www.wikidata.org/wiki/Q150812,"('Polenfeldzug', 96)",√úberfall_Auf_Polen
http://geneg.net/resource/Investing,Investing,https://www.wikidata.org/wiki/Q4290,"('investing', 100)",Investition
http://geneg.net/resource/White_Helmets,White helmets,https://www.wikidata.org/wiki/Q22909229,"('White Helmets', 100)",Syrischer_Zivilschutz
http://geneg.net/resource/Vn-Sicherheitsrats,VN-Sicherheitsrats,https://www.wikidata.org/wiki/Q37470,"('VN-Sicherheitsrat', 97)",Sicherheitsrat_Der_Vereinten_Nationen
http://geneg.net/resource/Shakespeare,Shake¬≠speare,https://www.wikidata.org/wiki/Q692,"('Shakespeare', 96)",William_Shakespeare
http://geneg.net/resource/Deutschkenntnissen,Deutschkenntnissen,https://www.wikidata.org/wiki/Q188,"('Deutschkenntnisse', 97)",Deutsch
http://geneg.net/resource/Blacklivesmatter-Bewegung,BlackLivesMatter-Bewegung,https://www.wikidata.org/wiki/Q19600530,"('Black-Lives-Matter-Bewegung', 96)",Black_Lives_Matter
http://geneg.net/resource/Syrienkriegs,Syrienkriegs,https://www.wikidata.org/wiki/Q178810,"('Syrienkrieg', 96)",B√ºrgerkrieg_in_Syrien
http://geneg.net/resource/Macgregors,Macgregor,https://www.wikidata.org/wiki/Q2579853,"('MacGregor', 100)",William_MacGregor
http://geneg.net/resource/Un-Fl√ºchtlingskommissars,UN-Fl√ºchtlingskommissars,https://www.wikidata.org/wiki/Q132551,"('UN-Fl√ºchtlingskommissar', 98)",Hoher_Fl√ºchtlingskommissar_Der_Vereinten_Nationen
http://geneg.net/resource/Schwarze_Menschen,Schwarze Menschen,https://www.wikidata.org/wiki/Q817393,"('schwarze Menschen', 100)",Schwarze
http://geneg.net/resource/Jacobin_Magazin,Jacobin Magazin,https://www.wikidata.org/wiki/Q6119666,"('Jacobin Magazine', 97)",Jacobin
http://geneg.net/resource/L√≥pz_Obrador,L√≥pz Obrador,https://www.wikidata.org/wiki/Q318508,"('L√≥pez Obrador', 96)",Andr√©s_Manuel_L√≥pez_Obrador
http://geneg.net/resource/Eu-Beamten,EU-Beamten,https://www.wikidata.org/wiki/Q505032,"('EU-Beamte', 95)",EU-Beamter
http://geneg.net/resource/Mittelmeerl√§nder,Mittelmeerl√§nder,https://www.wikidata.org/wiki/Q1721617,"('Mittelmeerl√§ndern', 97)",Mittelmeeranrainerstaat
http://geneg.net/resource/Ypg,YPG-,https://www.wikidata.org/wiki/Q277036,"('YPG', 100)",Volksverteidigungseinheiten
http://geneg.net/resource/Hai‚Äôat_Tahrir_Al-Sham,Hai‚Äòat Tahrir al-Sham,https://www.wikidata.org/wiki/Q28540613,"(""Hay'at Tahrir al-Sham"", 95)",Hai æat_Tahrir_Asch-Scham
http://geneg.net/resource/European_Externa_Action_Service,European Externa Action Service,https://www.wikidata.org/wiki/Q672941,"('European External Action Service', 98)",Europ√§ischer_Ausw√§rtiger_Dienst
http://geneg.net/resource/Bin_Salman,Bin Salman,https://www.wikidata.org/wiki/Q6892571,"('bin Salman', 100)",Mohammad_Bin_Salman_Al_Saud
http://geneg.net/resource/Hannover_Langenhagen,Hannover Langenhagen,https://www.wikidata.org/wiki/Q170169,"('Hannover-Langenhagen', 100)",Flughafen_Hannover-Langenhagen
http://geneg.net/resource/Nordsyriern,Nordsyriern,https://www.wikidata.org/wiki/Q858,"('nordsyrien', 95)",Syrien
http://geneg.net/resource/Vikor_Orban,Vikor Orban,https://www.wikidata.org/wiki/Q57641,"('Orban, Viktor', 96)",Viktor_Orb√°n
http://geneg.net/resource/BFV,BfV.,https://www.wikidata.org/wiki/Q799144,"('bfv', 100)",Badischer_Fu√üballverband
http://geneg.net/resource/|Taz,taz.,https://www.wikidata.org/wiki/Q81555,"('Taz', 100)",Tas
http://geneg.net/resource/Francois_Holland,Francois Holland,https://www.wikidata.org/wiki/Q157,"('Francois Hollande', 97)",Fran√ßois_Hollande
http://geneg.net/resource/Sch√ºmer,Sch√ºmer,https://www.wikidata.org/wiki/Q72827,"('Schmer', 100)",Schmalz
http://geneg.net/resource/Ahmed_A,Ahmed A.,https://www.wikidata.org/wiki/Q50365049,"('A. Ahmed', 100)",Abiy_Ahmed
http://geneg.net/resource/McCarran-Walter-Act,McCarran-Walter-Act,https://www.wikidata.org/wiki/Q1660068,"('McCarran-Walter Act', 100)",Immigration_and_Nationality_Act
http://geneg.net/resource/Werte_union,Werte_Union,https://www.wikidata.org/wiki/Q31837984,"('Werteunion', 95)",WerteUnion
http://geneg.net/resource/Sz,SZ-,https://www.wikidata.org/wiki/Q1050,"('sz', 100)",Eswatini
http://geneg.net/resource/Fedex,Fedex,https://www.wikidata.org/wiki/Q1426,"('FedEx', 100)",Roger_Federer
http://geneg.net/resource/Al-Khums,al-Khums,https://www.wikidata.org/wiki/Q310381,"('Al Khums', 100)",Al-Chums
http://geneg.net/resource/Compact-Magazine,COMPACT-Magazins,https://www.wikidata.org/wiki/Q15803741,"('Compact-Magazins', 100)",Compact
http://geneg.net/resource/Eu-Komission,EU-Komission,https://www.wikidata.org/wiki/Q8880,"('EU-Kommission', 96)",Europ√§ische_Kommission
http://geneg.net/resource/Uno-Migrationspakt,UN- Migrationspakt,https://www.wikidata.org/wiki/Q55612707,"('UN-Migrationspakt', 100)","Globaler_Vertrag_F√ºr_Sichere,_Geordnete_Und_Geregelte_Migration"
http://geneg.net/resource/Euroskeptikern,Euroskeptikern,https://www.wikidata.org/wiki/Q223200,"('Euroskeptiker', 96)",Europaskepsis
http://geneg.net/resource/Franklin_D_Roosewelt,Franklin D. Roosewelt,https://www.wikidata.org/wiki/Q8007,"('Franklin D. Roosevelt', 95)",Franklin_Delano_Roosevelt
http://geneg.net/resource/Deutschlandkuriers,Deutschlandkurier,https://www.wikidata.org/wiki/Q42307196,"('Deutschland-Kurier', 97)",Deutschland-Kurier
http://geneg.net/resource/B√∂lw,B√ñLW,https://www.wikidata.org/wiki/Q804868,"('BLW', 100)",Baldwin_Locomotive_Works
http://geneg.net/resource/Cs,C.s,https://www.wikidata.org/wiki/Q1456,"('S. C.', 100)",South_Carolina
http://geneg.net/resource/Yasmin_Shoomans,Yasmin Shoomans,https://www.wikidata.org/wiki/Q2599660,"('Yasmin Shooman', 97)",Yasemin_Shooman
http://geneg.net/resource/Rechten_Sektor,Rechten Sektor,https://www.wikidata.org/wiki/Q15361249,"('Rechten Sektors', 97)",Prawyj_Sektor
http://geneg.net/resource/Mac_Donalds,Mac Donalds,https://www.wikidata.org/wiki/Q38076,"('Mc Donalds', 95)",McDonald‚Äôs
http://geneg.net/resource/Mohamed_Ali,Mohamed Ali,https://www.wikidata.org/wiki/Q182781,"('Mohamed ali', 100)",Muhammad_Ali_Pascha
http://geneg.net/resource/Ku_ÃÅdamm,Ku‚Äòdamm,https://www.wikidata.org/wiki/Q160272,"(""Ku'damm"", 100)",Kurf√ºrstendamm
http://geneg.net/resource/Ah,A.H,https://www.wikidata.org/wiki/Q622188,"('H. A.', 100)",Hells_Angels
http://geneg.net/resource/ZDF_Heute_Journal,ZDF heute Journal,https://www.wikidata.org/wiki/Q885345,"('ZDF heute-journal', 100)",Heute-Journal
http://geneg.net/resource/Come_United,come united,https://www.wikidata.org/wiki/Q174769,"('United.com', 95)",United_Airlines
http://geneg.net/resource/Bundestagsdebatten,Bundestagsdebatten,https://www.wikidata.org/wiki/Q154797,"('Bundestagsdebatte', 97)",Deutscher_Bundestag
http://geneg.net/resource/Julis,Julis,https://www.wikidata.org/wiki/Q449361,"('JuLis', 100)",Junge_Liberale
http://geneg.net/resource/Ruland,Ruland,https://www.wikidata.org/wiki/Q159,"('Ru√üland', 100)",Russland
http://geneg.net/resource/Emirate,Emirate,https://www.wikidata.org/wiki/Q189898,"('emirate', 100)",Emirat
http://geneg.net/resource/Vereinigen_Staaten,Vereinigen Staaten,https://www.wikidata.org/wiki/Q30,"('Vereinigten Staaten', 97)",Vereinigte_Staaten
http://geneg.net/resource/Keniakoalition,Keniakoalition,https://www.wikidata.org/wiki/Q2253399,"('Kenia-Koalition', 97)","Regierungskoalition_Aus_Einer_Konservativen_Oder_Christdemokratischen,_Einer_Sozialistischen_Oder_Sozialdemokratischen_Sowie_Einer_Gr√ºnen_Partei"
http://geneg.net/resource/Nordzyperns,Nordzyperns,https://www.wikidata.org/wiki/Q23681,"('Nordzypern', 95)",T√ºrkische_Republik_Nordzypern
http://geneg.net/resource/Judas-Lohn,Judas-Lohn,https://www.wikidata.org/wiki/Q81018,"('Judaslohn', 95)",Judas_Ischariot
http://geneg.net/resource/Time-Magazin,"Time""-Magazin",https://www.wikidata.org/wiki/Q43297,"('Time-Magazins', 96)",Time
http://geneg.net/resource/La_Fran√ßaise,la fran√ßaise,https://www.wikidata.org/wiki/Q632356,"('√† la fran√ßaise', 100)",Service_√Ä_La_Fran√ßaise
http://geneg.net/resource/Un-Waffenembargo,UN-Waffenembargo,https://www.wikidata.org/wiki/Q989265,"('UN-Waffenembargos', 97)",Embargo
http://geneg.net/resource/Native_America,Native America,https://www.wikidata.org/wiki/Q36747,"('Native American', 97)",Indianer
http://geneg.net/resource/Mit,mit,https://www.wikidata.org/wiki/Q49108,"('MIT', 100)",Massachusetts_Institute_of_Technology
http://geneg.net/resource/Armstrongs,Armstrongs,https://www.wikidata.org/wiki/Q2172,"('Armstrong', 95)",Lance_Armstrong
http://geneg.net/resource/Boralis_Ag,Boralis AG,https://www.wikidata.org/wiki/Q672934,"('Borealis AG', 95)",Borealis
http://geneg.net/resource/Ly,Ly,https://www.wikidata.org/wiki/Q1016,"('ly', 100)",Libyen
http://geneg.net/resource/Bolton_John,John Boltons,https://www.wikidata.org/wiki/Q311269,"('John Bolton', 96)",John_R._Bolton
http://geneg.net/resource/Jungen_Alternativen,Jungen Alternativen,https://www.wikidata.org/wiki/Q23541630,"('Jungen Alternative', 97)",Junge_Alternative_F√ºr_Deutschland
http://geneg.net/resource/Muhammar_Gaddafi,Muhammar Gaddafi,https://www.wikidata.org/wiki/Q19878,"('Muammar Gaddafi', 97)",Muammar_Al-Gaddafi
http://geneg.net/resource/Die_Liberale,Die liberale,https://www.wikidata.org/wiki/Q13124,"('Die Liberalen', 96)",Freie_Demokratische_Partei
http://geneg.net/resource/Linken,LINKEN-,https://www.wikidata.org/wiki/Q49764,"('Linken', 100)",Die_Linke
http://geneg.net/resource/Bl√∂d-Zeitung,BL√ñD-Zeitung,https://www.wikidata.org/wiki/Q156203,"('Bild-Zeitung', 96)",Bild
http://geneg.net/resource/Alternative_Right,Alternative Right,https://www.wikidata.org/wiki/Q23018230,"('alternative right', 100)",Alt-Right
http://geneg.net/resource/Ekre,Ekre,https://www.wikidata.org/wiki/Q794028,"('EKRE', 100)",Eesti_Konservatiivne_Rahvaerakond
http://geneg.net/resource/Degasperi,DeGasperi,https://www.wikidata.org/wiki/Q153832,"('De Gasperi', 95)",Alcide_De_Gasperi
http://geneg.net/resource/Middle-East,middle-east,https://www.wikidata.org/wiki/Q7204,"('Middle East', 100)",Mittlerer_Osten
