GeNeG_resource,Wikidata_resource,Matched_label
http://geneg.net/resource/Max,https://www.wikidata.org/wiki/Q268863,Max
http://geneg.net/resource/Christopher_Street,https://www.wikidata.org/wiki/Q1086990,Christopher_Street
http://geneg.net/resource/Regensburg,https://www.wikidata.org/wiki/Q2978,Regensburg
http://geneg.net/resource/Lampedusa,https://www.wikidata.org/wiki/Q107338,Lampedusa
http://geneg.net/resource/Citgo,https://www.wikidata.org/wiki/Q2974437,Citgo
http://geneg.net/resource/Europol,https://www.wikidata.org/wiki/Q207203,Europol
http://geneg.net/resource/Nizza,https://www.wikidata.org/wiki/Q33959,Nizza
http://geneg.net/resource/Mallorca,https://www.wikidata.org/wiki/Q8828,Mallorca
http://geneg.net/resource/Angela_Merkel,https://www.wikidata.org/wiki/Q567,Angela_Merkel
http://geneg.net/resource/Maybrit_Illner,https://www.wikidata.org/wiki/Q1914407,Maybrit_Illner
http://geneg.net/resource/Marie,https://www.wikidata.org/wiki/Q632104,Marie
http://geneg.net/resource/Zypern,https://www.wikidata.org/wiki/Q644636,Zypern
http://geneg.net/resource/Eduard_Schnitzer,https://www.wikidata.org/wiki/Q60271,Eduard_Schnitzer
http://geneg.net/resource/Slowakische_Nationalpartei,https://www.wikidata.org/wiki/Q221480,Slowakische_Nationalpartei
http://geneg.net/resource/Uruguay,https://www.wikidata.org/wiki/Q77,Uruguay
http://geneg.net/resource/Société_Nationale_Des_Chemins_De_Fer_Français,https://www.wikidata.org/wiki/Q13646,Société_Nationale_Des_Chemins_De_Fer_Français
http://geneg.net/resource/Berlin_Direkt,https://www.wikidata.org/wiki/Q15787831,Berlin_Direkt
http://geneg.net/resource/Athen,https://www.wikidata.org/wiki/Q1524,Athen
http://geneg.net/resource/Brüssel,https://www.wikidata.org/wiki/Q9005,Brüssel
http://geneg.net/resource/Hard,https://www.wikidata.org/wiki/Q699612,Hard
http://geneg.net/resource/Wodarg,https://www.wikidata.org/wiki/Q76391058,Wodarg
http://geneg.net/resource/Niederlande,https://www.wikidata.org/wiki/Q55,Niederlande
http://geneg.net/resource/Albrecht_Von_Lucke,https://www.wikidata.org/wiki/Q2640050,Albrecht_Von_Lucke
http://geneg.net/resource/The_World_to_Come,https://www.wikidata.org/wiki/Q69904051,The_World_to_Come
http://geneg.net/resource/Gunter_Czisch,https://www.wikidata.org/wiki/Q20770017,Gunter_Czisch
http://geneg.net/resource/Chile,https://www.wikidata.org/wiki/Q298,Chile
http://geneg.net/resource/Neue_Deutsche_Medienmacher,https://www.wikidata.org/wiki/Q1591450,Neue_Deutsche_Medienmacher
http://geneg.net/resource/Pamela_Anderson,https://www.wikidata.org/wiki/Q83325,Pamela_Anderson
http://geneg.net/resource/France_24,https://www.wikidata.org/wiki/Q166180,France_24
http://geneg.net/resource/Xi_Jinping,https://www.wikidata.org/wiki/Q15031,Xi_Jinping
http://geneg.net/resource/Acre,https://www.wikidata.org/wiki/Q81292,Acre
http://geneg.net/resource/Vietnam,https://www.wikidata.org/wiki/Q881,Vietnam
http://geneg.net/resource/Mittelmeer,https://www.wikidata.org/wiki/Q4918,Mittelmeer
http://geneg.net/resource/Straßburg,https://www.wikidata.org/wiki/Q6602,Straßburg
http://geneg.net/resource/Pontida,https://www.wikidata.org/wiki/Q101433,Pontida
http://geneg.net/resource/Anne_Will,https://www.wikidata.org/wiki/Q77772,Anne_Will
http://geneg.net/resource/Spiegel-Affäre,https://www.wikidata.org/wiki/Q650313,Spiegel-Affäre
http://geneg.net/resource/Nationaldemokratische_Partei_Deutschlands,https://www.wikidata.org/wiki/Q156019,Nationaldemokratische_Partei_Deutschlands
http://geneg.net/resource/Farid_Bang,https://www.wikidata.org/wiki/Q89832,Farid_Bang
http://geneg.net/resource/Martin,https://www.wikidata.org/wiki/Q27001,Martin
http://geneg.net/resource/N-Tv,https://www.wikidata.org/wiki/Q265027,N-Tv
http://geneg.net/resource/New_York,https://www.wikidata.org/wiki/Q1384,New_York
http://geneg.net/resource/Carola_Rackete,https://www.wikidata.org/wiki/Q64851682,Carola_Rackete
http://geneg.net/resource/Apple,https://www.wikidata.org/wiki/Q312,Apple
http://geneg.net/resource/Heinz,https://www.wikidata.org/wiki/Q16908439,Heinz
http://geneg.net/resource/Kurdistan,https://www.wikidata.org/wiki/Q41470,Kurdistan
http://geneg.net/resource/Mercosur,https://www.wikidata.org/wiki/Q4264,Mercosur
http://geneg.net/resource/Karim_El-Gawhary,https://www.wikidata.org/wiki/Q1729359,Karim_El-Gawhary
http://geneg.net/resource/Karl_Nehammer,https://www.wikidata.org/wiki/Q42860944,Karl_Nehammer
http://geneg.net/resource/Le_Monde,https://www.wikidata.org/wiki/Q12461,Le_Monde
http://geneg.net/resource/Sana,https://www.wikidata.org/wiki/Q904765,Sana
http://geneg.net/resource/Göttingen,https://www.wikidata.org/wiki/Q3033,Göttingen
http://geneg.net/resource/Compact,https://www.wikidata.org/wiki/Q15803741,Compact
http://geneg.net/resource/Pete_Buttigieg,https://www.wikidata.org/wiki/Q7173106,Pete_Buttigieg
http://geneg.net/resource/Halberstadt,https://www.wikidata.org/wiki/Q7072,Halberstadt
http://geneg.net/resource/Michael_Douglas,https://www.wikidata.org/wiki/Q119798,Michael_Douglas
http://geneg.net/resource/Springer,https://www.wikidata.org/wiki/Q136,Springer
http://geneg.net/resource/Alexander_Van_Der_Bellen,https://www.wikidata.org/wiki/Q78869,Alexander_Van_Der_Bellen
http://geneg.net/resource/Ard,https://www.wikidata.org/wiki/Q49653,Ard
http://geneg.net/resource/Deutsche_Volksunion,https://www.wikidata.org/wiki/Q505829,Deutsche_Volksunion
http://geneg.net/resource/Oxfam,https://www.wikidata.org/wiki/Q267941,Oxfam
http://geneg.net/resource/Bielefeld,https://www.wikidata.org/wiki/Q2112,Bielefeld
http://geneg.net/resource/Bin_Laden,https://www.wikidata.org/wiki/Q863493,Bin_Laden
http://geneg.net/resource/Irland,https://www.wikidata.org/wiki/Q22890,Irland
http://geneg.net/resource/Borna,https://www.wikidata.org/wiki/Q10744,Borna
http://geneg.net/resource/Heute-Show,https://www.wikidata.org/wiki/Q265519,Heute-Show
http://geneg.net/resource/Potsdam,https://www.wikidata.org/wiki/Q1711,Potsdam
http://geneg.net/resource/Eike,https://www.wikidata.org/wiki/Q921013,Eike
http://geneg.net/resource/Shanghai,https://www.wikidata.org/wiki/Q8686,Shanghai
http://geneg.net/resource/Pulse_of_Europe,https://www.wikidata.org/wiki/Q28746168,Pulse_of_Europe
http://geneg.net/resource/Hermannplatz,https://www.wikidata.org/wiki/Q1613362,Hermannplatz
http://geneg.net/resource/Marine_Le_Pen,https://www.wikidata.org/wiki/Q12927,Marine_Le_Pen
http://geneg.net/resource/Joschka_Fischer,https://www.wikidata.org/wiki/Q57344,Joschka_Fischer
http://geneg.net/resource/Fred_Hampton,https://www.wikidata.org/wiki/Q1452355,Fred_Hampton
http://geneg.net/resource/Tadschikistan,https://www.wikidata.org/wiki/Q863,Tadschikistan
http://geneg.net/resource/Kirstjen_Nielsen,https://www.wikidata.org/wiki/Q38858352,Kirstjen_Nielsen
http://geneg.net/resource/Wolf,https://www.wikidata.org/wiki/Q18498,Wolf
http://geneg.net/resource/Prag,https://www.wikidata.org/wiki/Q1085,Prag
http://geneg.net/resource/Monitor,https://www.wikidata.org/wiki/Q1234602,Monitor
http://geneg.net/resource/Václav_Havel,https://www.wikidata.org/wiki/Q36233,Václav_Havel
http://geneg.net/resource/Oxford,https://www.wikidata.org/wiki/Q34217,Oxford
http://geneg.net/resource/Freital,https://www.wikidata.org/wiki/Q5870,Freital
http://geneg.net/resource/Miesbach,https://www.wikidata.org/wiki/Q269157,Miesbach
http://geneg.net/resource/David-Maria_Sassoli,https://www.wikidata.org/wiki/Q2391857,David-Maria_Sassoli
http://geneg.net/resource/Tagesschau,https://www.wikidata.org/wiki/Q703907,Tagesschau
http://geneg.net/resource/Paris,https://www.wikidata.org/wiki/Q90,Paris
http://geneg.net/resource/Power,https://www.wikidata.org/wiki/Q15072855,Power
http://geneg.net/resource/Der,https://www.wikidata.org/wiki/Q262432,Der
http://geneg.net/resource/Griechenland,https://www.wikidata.org/wiki/Q41,Griechenland
http://geneg.net/resource/Institut_Der_Deutschen_Wirtschaft,https://www.wikidata.org/wiki/Q958316,Institut_Der_Deutschen_Wirtschaft
http://geneg.net/resource/The_Police,https://www.wikidata.org/wiki/Q178095,The_Police
http://geneg.net/resource/Toskana,https://www.wikidata.org/wiki/Q1273,Toskana
http://geneg.net/resource/Deutscher_Wetterdienst,https://www.wikidata.org/wiki/Q325859,Deutscher_Wetterdienst
http://geneg.net/resource/Hillary_Clinton,https://www.wikidata.org/wiki/Q6294,Hillary_Clinton
http://geneg.net/resource/Fake_News,https://www.wikidata.org/wiki/Q28549308,Fake_News
http://geneg.net/resource/Südkurier,https://www.wikidata.org/wiki/Q885282,Südkurier
http://geneg.net/resource/Frankfurt_Am_Main,https://www.wikidata.org/wiki/Q1794,Frankfurt_Am_Main
http://geneg.net/resource/Messias,https://www.wikidata.org/wiki/Q51626,Messias
http://geneg.net/resource/Grün,https://www.wikidata.org/wiki/Q3133,Grün
http://geneg.net/resource/Il_Fatto_Quotidiano,https://www.wikidata.org/wiki/Q1051087,Il_Fatto_Quotidiano
http://geneg.net/resource/Attac,https://www.wikidata.org/wiki/Q118626,Attac
http://geneg.net/resource/Nürnberg,https://www.wikidata.org/wiki/Q2090,Nürnberg
http://geneg.net/resource/Focus_Online,https://www.wikidata.org/wiki/Q33108673,Focus_Online
http://geneg.net/resource/Snowden,https://www.wikidata.org/wiki/Q19315473,Snowden
http://geneg.net/resource/Weimarer_Republik,https://www.wikidata.org/wiki/Q41304,Weimarer_Republik
http://geneg.net/resource/Save_the_Children,https://www.wikidata.org/wiki/Q215934,Save_the_Children
http://geneg.net/resource/New_Mexico,https://www.wikidata.org/wiki/Q1522,New_Mexico
http://geneg.net/resource/Defender,https://www.wikidata.org/wiki/Q1182593,Defender
http://geneg.net/resource/Pixabay,https://www.wikidata.org/wiki/Q1746538,Pixabay
http://geneg.net/resource/Euro-Gruppe,https://www.wikidata.org/wiki/Q149964,Euro-Gruppe
http://geneg.net/resource/Michael_Kretschmer,https://www.wikidata.org/wiki/Q1928299,Michael_Kretschmer
http://geneg.net/resource/Erfurt,https://www.wikidata.org/wiki/Q1729,Erfurt
http://geneg.net/resource/Globe,https://www.wikidata.org/wiki/Q79823,Globe
http://geneg.net/resource/Chanel,https://www.wikidata.org/wiki/Q218115,Chanel
http://geneg.net/resource/Ai_Weiwei,https://www.wikidata.org/wiki/Q160115,Ai_Weiwei
http://geneg.net/resource/Tina_Fischer,https://www.wikidata.org/wiki/Q1303516,Tina_Fischer
http://geneg.net/resource/Frank-Walter_Steinmeier,https://www.wikidata.org/wiki/Q76658,Frank-Walter_Steinmeier
http://geneg.net/resource/Donald,https://www.wikidata.org/wiki/Q13422248,Donald
http://geneg.net/resource/Junge_Freiheit,https://www.wikidata.org/wiki/Q157948,Junge_Freiheit
http://geneg.net/resource/Washington,https://www.wikidata.org/wiki/Q1223,Washington
http://geneg.net/resource/Lagos,https://www.wikidata.org/wiki/Q8673,Lagos
http://geneg.net/resource/Solingen,https://www.wikidata.org/wiki/Q2942,Solingen
http://geneg.net/resource/Joe_Biden,https://www.wikidata.org/wiki/Q6279,Joe_Biden
http://geneg.net/resource/Vera_Lengsfeld,https://www.wikidata.org/wiki/Q107737,Vera_Lengsfeld
http://geneg.net/resource/Split,https://www.wikidata.org/wiki/Q1663,Split
http://geneg.net/resource/Bogotá,https://www.wikidata.org/wiki/Q2841,Bogotá
http://geneg.net/resource/Aida,https://www.wikidata.org/wiki/Q171277,Aida
http://geneg.net/resource/Water_Makes_Money,https://www.wikidata.org/wiki/Q1374143,Water_Makes_Money
http://geneg.net/resource/Katwarn,https://www.wikidata.org/wiki/Q1718418,Katwarn
http://geneg.net/resource/Russland,https://www.wikidata.org/wiki/Q159,Russland
http://geneg.net/resource/Bahncard,https://www.wikidata.org/wiki/Q800271,Bahncard
http://geneg.net/resource/Armenien,https://www.wikidata.org/wiki/Q399,Armenien
http://geneg.net/resource/Fünf_Sterne,https://www.wikidata.org/wiki/Q29579063,Fünf_Sterne
http://geneg.net/resource/Nancy_Pelosi,https://www.wikidata.org/wiki/Q170581,Nancy_Pelosi
http://geneg.net/resource/Open_Arms,https://www.wikidata.org/wiki/Q51280932,Open_Arms
http://geneg.net/resource/Bild,https://www.wikidata.org/wiki/Q156203,Bild
http://geneg.net/resource/Future,https://www.wikidata.org/wiki/Q3445057,Future
http://geneg.net/resource/Diepholz,https://www.wikidata.org/wiki/Q498534,Diepholz
http://geneg.net/resource/Ain_Al-Arab,https://www.wikidata.org/wiki/Q126415,Ain_Al-Arab
http://geneg.net/resource/Jean-Luc_Nancy,https://www.wikidata.org/wiki/Q503017,Jean-Luc_Nancy
http://geneg.net/resource/Georg_Restle,https://www.wikidata.org/wiki/Q15811765,Georg_Restle
http://geneg.net/resource/Straße_Des_17._Juni,https://www.wikidata.org/wiki/Q317094,Straße_Des_17._Juni
http://geneg.net/resource/Campus,https://www.wikidata.org/wiki/Q209465,Campus
http://geneg.net/resource/Bayern_2,https://www.wikidata.org/wiki/Q812474,Bayern_2
http://geneg.net/resource/Osteuropa,https://www.wikidata.org/wiki/Q27468,Osteuropa
http://geneg.net/resource/Zwickel,https://www.wikidata.org/wiki/Q244556,Zwickel
http://geneg.net/resource/Hanau,https://www.wikidata.org/wiki/Q3802,Hanau
http://geneg.net/resource/Agnieszka_Brugger,https://www.wikidata.org/wiki/Q109309,Agnieszka_Brugger
http://geneg.net/resource/Kasper_König,https://www.wikidata.org/wiki/Q1604450,Kasper_König
http://geneg.net/resource/Wolfgang_Hübner,https://www.wikidata.org/wiki/Q1710468,Wolfgang_Hübner
http://geneg.net/resource/Renate_Künast,https://www.wikidata.org/wiki/Q65128,Renate_Künast
http://geneg.net/resource/Alt-Right,https://www.wikidata.org/wiki/Q23018230,Alt-Right
http://geneg.net/resource/Alan_Kurdi,https://www.wikidata.org/wiki/Q20900441,Alan_Kurdi
http://geneg.net/resource/Jean-Yves_Le_Drian,https://www.wikidata.org/wiki/Q559040,Jean-Yves_Le_Drian
http://geneg.net/resource/Oktoberfest,https://www.wikidata.org/wiki/Q102400,Oktoberfest
http://geneg.net/resource/Boris_Johnson,https://www.wikidata.org/wiki/Q180589,Boris_Johnson
http://geneg.net/resource/Europäer,https://www.wikidata.org/wiki/Q394067,Europäer
http://geneg.net/resource/Costa_Rica,https://www.wikidata.org/wiki/Q800,Costa_Rica
http://geneg.net/resource/Aref_Ali_Nayed,https://www.wikidata.org/wiki/Q278732,Aref_Ali_Nayed
http://geneg.net/resource/Istanbul,https://www.wikidata.org/wiki/Q406,Istanbul
http://geneg.net/resource/Santa_Fe,https://www.wikidata.org/wiki/Q38555,Santa_Fe
http://geneg.net/resource/Bamberg,https://www.wikidata.org/wiki/Q3936,Bamberg
http://geneg.net/resource/Tichys_Einblick,https://www.wikidata.org/wiki/Q27902651,Tichys_Einblick
http://geneg.net/resource/Pirna,https://www.wikidata.org/wiki/Q6477,Pirna
http://geneg.net/resource/Niall_Ferguson,https://www.wikidata.org/wiki/Q377638,Niall_Ferguson
http://geneg.net/resource/Amsterdam,https://www.wikidata.org/wiki/Q727,Amsterdam
http://geneg.net/resource/Stuttgart_21,https://www.wikidata.org/wiki/Q700996,Stuttgart_21
http://geneg.net/resource/Ellis_Island,https://www.wikidata.org/wiki/Q202175,Ellis_Island
http://geneg.net/resource/Libyen,https://www.wikidata.org/wiki/Q1016,Libyen
http://geneg.net/resource/Nicolas_Sarkozy,https://www.wikidata.org/wiki/Q329,Nicolas_Sarkozy
http://geneg.net/resource/Otto_Brenner_Stiftung,https://www.wikidata.org/wiki/Q2037907,Otto_Brenner_Stiftung
http://geneg.net/resource/Kyriakos_Mitsotakis,https://www.wikidata.org/wiki/Q552751,Kyriakos_Mitsotakis
http://geneg.net/resource/Oranienburg,https://www.wikidata.org/wiki/Q14808,Oranienburg
http://geneg.net/resource/Ceska-Mordserie,https://www.wikidata.org/wiki/Q369336,Ceska-Mordserie
http://geneg.net/resource/München,https://www.wikidata.org/wiki/Q1726,München
http://geneg.net/resource/Dax,https://www.wikidata.org/wiki/Q155718,Dax
http://geneg.net/resource/Jahn,https://www.wikidata.org/wiki/Q1678548,Jahn
http://geneg.net/resource/Deutschlandfunk,https://www.wikidata.org/wiki/Q695328,Deutschlandfunk
http://geneg.net/resource/Palästina,https://www.wikidata.org/wiki/Q23792,Palästina
http://geneg.net/resource/Uzi,https://www.wikidata.org/wiki/Q155644,Uzi
http://geneg.net/resource/Der_Tagesspiegel,https://www.wikidata.org/wiki/Q10189,Der_Tagesspiegel
http://geneg.net/resource/Brexit,https://www.wikidata.org/wiki/Q7888194,Brexit
http://geneg.net/resource/Buenos_Aires,https://www.wikidata.org/wiki/Q1486,Buenos_Aires
http://geneg.net/resource/Orwell,https://www.wikidata.org/wiki/Q1894250,Orwell
http://geneg.net/resource/Signa,https://www.wikidata.org/wiki/Q82869,Signa
http://geneg.net/resource/Uwe_Steimle,https://www.wikidata.org/wiki/Q2504786,Uwe_Steimle
http://geneg.net/resource/Heiko_Maas,https://www.wikidata.org/wiki/Q108447,Heiko_Maas
http://geneg.net/resource/Little_Boy,https://www.wikidata.org/wiki/Q181013,Little_Boy
http://geneg.net/resource/Rubikon,https://www.wikidata.org/wiki/Q172572,Rubikon
http://geneg.net/resource/Stefan_Schubert,https://www.wikidata.org/wiki/Q2337605,Stefan_Schubert
http://geneg.net/resource/Ton_Steine_Scherben,https://www.wikidata.org/wiki/Q481487,Ton_Steine_Scherben
http://geneg.net/resource/Türkei,https://www.wikidata.org/wiki/Q43,Türkei
http://geneg.net/resource/Kassel,https://www.wikidata.org/wiki/Q2865,Kassel
http://geneg.net/resource/Freiheit,https://www.wikidata.org/wiki/Q2979,Freiheit
http://geneg.net/resource/Hochschule_Für_Angewandte_Wissenschaften_Hamburg,https://www.wikidata.org/wiki/Q913987,Hochschule_Für_Angewandte_Wissenschaften_Hamburg
http://geneg.net/resource/Macron,https://www.wikidata.org/wiki/Q1439645,Macron
http://geneg.net/resource/Der_Flügel,https://www.wikidata.org/wiki/Q28498755,Der_Flügel
http://geneg.net/resource/M5,https://www.wikidata.org/wiki/Q1848985,M5
http://geneg.net/resource/Martin_Horn,https://www.wikidata.org/wiki/Q1904097,Martin_Horn
http://geneg.net/resource/Mexiko,https://www.wikidata.org/wiki/Q96,Mexiko
http://geneg.net/resource/Luxemburg,https://www.wikidata.org/wiki/Q32,Luxemburg
http://geneg.net/resource/Europa,https://www.wikidata.org/wiki/Q46,Europa
http://geneg.net/resource/Peter_Bartels,https://www.wikidata.org/wiki/Q98601407,Peter_Bartels
http://geneg.net/resource/Bengasi,https://www.wikidata.org/wiki/Q40816,Bengasi
http://geneg.net/resource/Tschad,https://www.wikidata.org/wiki/Q657,Tschad
http://geneg.net/resource/Jürgen_Link,https://www.wikidata.org/wiki/Q1717423,Jürgen_Link
http://geneg.net/resource/Tilmann_Kleinjung,https://www.wikidata.org/wiki/Q97958769,Tilmann_Kleinjung
http://geneg.net/resource/Neu-Delhi,https://www.wikidata.org/wiki/Q987,Neu-Delhi
http://geneg.net/resource/Bolivien,https://www.wikidata.org/wiki/Q750,Bolivien
http://geneg.net/resource/Bonn,https://www.wikidata.org/wiki/Q586,Bonn
http://geneg.net/resource/Grand_Canyon,https://www.wikidata.org/wiki/Q118841,Grand_Canyon
http://geneg.net/resource/Bautzen,https://www.wikidata.org/wiki/Q14835,Bautzen
http://geneg.net/resource/Fridays_for_Future,https://www.wikidata.org/wiki/Q60674974,Fridays_for_Future
http://geneg.net/resource/Madrid,https://www.wikidata.org/wiki/Q2807,Madrid
http://geneg.net/resource/Strike,https://www.wikidata.org/wiki/Q763850,Strike
http://geneg.net/resource/Black_Lives_Matter,https://www.wikidata.org/wiki/Q19600530,Black_Lives_Matter
http://geneg.net/resource/Alster,https://www.wikidata.org/wiki/Q1219,Alster
http://geneg.net/resource/Rio_Grande,https://www.wikidata.org/wiki/Q160636,Rio_Grande
http://geneg.net/resource/St._Gallen,https://www.wikidata.org/wiki/Q25607,St._Gallen
http://geneg.net/resource/Sebastian_Kurz,https://www.wikidata.org/wiki/Q2262885,Sebastian_Kurz
http://geneg.net/resource/Umar_Israilov,https://www.wikidata.org/wiki/Q746394,Umar_Israilov
http://geneg.net/resource/Chagos-Archipel,https://www.wikidata.org/wiki/Q192188,Chagos-Archipel
http://geneg.net/resource/Oberlausitz,https://www.wikidata.org/wiki/Q7943,Oberlausitz
http://geneg.net/resource/Alice_Weidel,https://www.wikidata.org/wiki/Q27975838,Alice_Weidel
http://geneg.net/resource/Bad_Salzuflen,https://www.wikidata.org/wiki/Q4108,Bad_Salzuflen
http://geneg.net/resource/Campact,https://www.wikidata.org/wiki/Q1030068,Campact
http://geneg.net/resource/Miami,https://www.wikidata.org/wiki/Q8652,Miami
http://geneg.net/resource/Winfried_Kretschmann,https://www.wikidata.org/wiki/Q61051,Winfried_Kretschmann
http://geneg.net/resource/Otto,https://www.wikidata.org/wiki/Q44825,Otto
http://geneg.net/resource/Airbnb,https://www.wikidata.org/wiki/Q63327,Airbnb
http://geneg.net/resource/Brexit_Party,https://www.wikidata.org/wiki/Q61651140,Brexit_Party
http://geneg.net/resource/Instagram,https://www.wikidata.org/wiki/Q209330,Instagram
http://geneg.net/resource/South_Bend,https://www.wikidata.org/wiki/Q486877,South_Bend
http://geneg.net/resource/Lesbos,https://www.wikidata.org/wiki/Q128087,Lesbos
http://geneg.net/resource/Jan_Marsalek,https://www.wikidata.org/wiki/Q96971766,Jan_Marsalek
http://geneg.net/resource/Europäische_Union,https://www.wikidata.org/wiki/Q458,Europäische_Union
http://geneg.net/resource/Emmanuel_Macron,https://www.wikidata.org/wiki/Q3052772,Emmanuel_Macron
http://geneg.net/resource/Rotfuchs,https://www.wikidata.org/wiki/Q8332,Rotfuchs
http://geneg.net/resource/Sternhai,https://www.wikidata.org/wiki/Q52296660,Sternhai
http://geneg.net/resource/Suhl,https://www.wikidata.org/wiki/Q14891,Suhl
http://geneg.net/resource/Abdullah_Öcalan,https://www.wikidata.org/wiki/Q191530,Abdullah_Öcalan
http://geneg.net/resource/Haifa,https://www.wikidata.org/wiki/Q41621,Haifa
http://geneg.net/resource/Scharia,https://www.wikidata.org/wiki/Q482752,Scharia
http://geneg.net/resource/Europawahl,https://www.wikidata.org/wiki/Q1128324,Europawahl
http://geneg.net/resource/Ocean_Viking,https://www.wikidata.org/wiki/Q65710948,Ocean_Viking
http://geneg.net/resource/Polen,https://www.wikidata.org/wiki/Q36,Polen
http://geneg.net/resource/Sea-Watch,https://www.wikidata.org/wiki/Q20850693,Sea-Watch
http://geneg.net/resource/London,https://www.wikidata.org/wiki/Q84,London
http://geneg.net/resource/Haaretz,https://www.wikidata.org/wiki/Q216393,Haaretz
http://geneg.net/resource/Neuss,https://www.wikidata.org/wiki/Q2948,Neuss
http://geneg.net/resource/Alexandria_Ocasio-Cortez,https://www.wikidata.org/wiki/Q55223040,Alexandria_Ocasio-Cortez
http://geneg.net/resource/Flint,https://www.wikidata.org/wiki/Q490584,Flint
http://geneg.net/resource/Gemeinschaft_Unabhängiger_Staaten,https://www.wikidata.org/wiki/Q7779,Gemeinschaft_Unabhängiger_Staaten
http://geneg.net/resource/Gemeinsam_Retten,https://www.wikidata.org/wiki/Q80115645,Gemeinsam_Retten
http://geneg.net/resource/Journal,https://www.wikidata.org/wiki/Q49850,Journal
http://geneg.net/resource/Armin_Laschet,https://www.wikidata.org/wiki/Q78205,Armin_Laschet
http://geneg.net/resource/Wirecard,https://www.wikidata.org/wiki/Q587325,Wirecard
http://geneg.net/resource/Turin,https://www.wikidata.org/wiki/Q495,Turin
http://geneg.net/resource/Karine_Tuil,https://www.wikidata.org/wiki/Q3193319,Karine_Tuil
http://geneg.net/resource/Starbucks,https://www.wikidata.org/wiki/Q37158,Starbucks
http://geneg.net/resource/Deutsche,https://www.wikidata.org/wiki/Q42884,Deutsche
http://geneg.net/resource/König,https://www.wikidata.org/wiki/Q12097,König
http://geneg.net/resource/O'Rourke,https://www.wikidata.org/wiki/Q28800758,O'Rourke
http://geneg.net/resource/Thierry_Meyssan,https://www.wikidata.org/wiki/Q732928,Thierry_Meyssan
http://geneg.net/resource/Abbott,https://www.wikidata.org/wiki/Q306757,Abbott
http://geneg.net/resource/Pro_Asyl,https://www.wikidata.org/wiki/Q2111410,Pro_Asyl
http://geneg.net/resource/Stockholm,https://www.wikidata.org/wiki/Q1754,Stockholm
http://geneg.net/resource/Meseberg,https://www.wikidata.org/wiki/Q684703,Meseberg
http://geneg.net/resource/Deutschland,https://www.wikidata.org/wiki/Q183,Deutschland
http://geneg.net/resource/Chevrolet,https://www.wikidata.org/wiki/Q29570,Chevrolet
http://geneg.net/resource/Joachim_Kuhs,https://www.wikidata.org/wiki/Q64129385,Joachim_Kuhs
http://geneg.net/resource/Jens_Berger,https://www.wikidata.org/wiki/Q104817246,Jens_Berger
http://geneg.net/resource/Mailand,https://www.wikidata.org/wiki/Q490,Mailand
http://geneg.net/resource/Barry_Goldwater,https://www.wikidata.org/wiki/Q319129,Barry_Goldwater
http://geneg.net/resource/Paul_Ronzheimer,https://www.wikidata.org/wiki/Q47199975,Paul_Ronzheimer
http://geneg.net/resource/Chalifa_Haftar,https://www.wikidata.org/wiki/Q2298768,Chalifa_Haftar
http://geneg.net/resource/Wien,https://www.wikidata.org/wiki/Q1741,Wien
http://geneg.net/resource/Irak,https://www.wikidata.org/wiki/Q796,Irak
http://geneg.net/resource/De_Vries,https://www.wikidata.org/wiki/Q1180481,De_Vries
http://geneg.net/resource/Walter_Lübcke,https://www.wikidata.org/wiki/Q2545434,Walter_Lübcke
http://geneg.net/resource/So36,https://www.wikidata.org/wiki/Q561850,So36
http://geneg.net/resource/Freie_Syrische_Armee,https://www.wikidata.org/wiki/Q858819,Freie_Syrische_Armee
http://geneg.net/resource/Kairo,https://www.wikidata.org/wiki/Q85,Kairo
http://geneg.net/resource/Götz_Kubitschek,https://www.wikidata.org/wiki/Q1559892,Götz_Kubitschek
http://geneg.net/resource/Julian,https://www.wikidata.org/wiki/Q33941,Julian
http://geneg.net/resource/Walmart,https://www.wikidata.org/wiki/Q483551,Walmart
http://geneg.net/resource/Spanien,https://www.wikidata.org/wiki/Q29,Spanien
http://geneg.net/resource/Russenfeindlichkeit,https://www.wikidata.org/wiki/Q512990,Russenfeindlichkeit
http://geneg.net/resource/Der_Rechte_Rand,https://www.wikidata.org/wiki/Q1196416,Der_Rechte_Rand
http://geneg.net/resource/Katarina_Barley,https://www.wikidata.org/wiki/Q15117357,Katarina_Barley
http://geneg.net/resource/Heute-Journal,https://www.wikidata.org/wiki/Q885345,Heute-Journal
http://geneg.net/resource/Baschar_Al-Assad,https://www.wikidata.org/wiki/Q44329,Baschar_Al-Assad
http://geneg.net/resource/Eu,https://www.wikidata.org/wiki/Q211593,Eu
http://geneg.net/resource/Jupiter,https://www.wikidata.org/wiki/Q319,Jupiter
http://geneg.net/resource/Roma,https://www.wikidata.org/wiki/Q8060,Roma
http://geneg.net/resource/Wiesbaden,https://www.wikidata.org/wiki/Q1721,Wiesbaden
http://geneg.net/resource/M1,https://www.wikidata.org/wiki/Q1880894,M1
http://geneg.net/resource/Eni,https://www.wikidata.org/wiki/Q565594,Eni
http://geneg.net/resource/Staat,https://www.wikidata.org/wiki/Q7275,Staat
http://geneg.net/resource/Schengen,https://www.wikidata.org/wiki/Q183841,Schengen
http://geneg.net/resource/Partei_Des_Demokratischen_Sozialismus,https://www.wikidata.org/wiki/Q152554,Partei_Des_Demokratischen_Sozialismus
http://geneg.net/resource/Nouveau_Parti_Anticapitaliste,https://www.wikidata.org/wiki/Q1045425,Nouveau_Parti_Anticapitaliste
http://geneg.net/resource/Misrata,https://www.wikidata.org/wiki/Q131323,Misrata
http://geneg.net/resource/Chemnitz,https://www.wikidata.org/wiki/Q2795,Chemnitz
http://geneg.net/resource/Dscharabulus,https://www.wikidata.org/wiki/Q1149502,Dscharabulus
http://geneg.net/resource/Allianz_Für_Deutschland,https://www.wikidata.org/wiki/Q521030,Allianz_Für_Deutschland
http://geneg.net/resource/Infratest_Dimap,https://www.wikidata.org/wiki/Q1662680,Infratest_Dimap
http://geneg.net/resource/SWR_Aktuell,https://www.wikidata.org/wiki/Q56296863,SWR_Aktuell
http://geneg.net/resource/Ostdeutschland,https://www.wikidata.org/wiki/Q919721,Ostdeutschland
http://geneg.net/resource/Irma,https://www.wikidata.org/wiki/Q1672957,Irma
http://geneg.net/resource/Michael_Stürzenberger,https://www.wikidata.org/wiki/Q15712287,Michael_Stürzenberger
http://geneg.net/resource/Diakonie,https://www.wikidata.org/wiki/Q1208280,Diakonie
http://geneg.net/resource/Jugoslawien,https://www.wikidata.org/wiki/Q36704,Jugoslawien
http://geneg.net/resource/Detmold,https://www.wikidata.org/wiki/Q3922,Detmold
http://geneg.net/resource/Die_Zeitung,https://www.wikidata.org/wiki/Q1217753,Die_Zeitung
http://geneg.net/resource/Unteilbar,https://www.wikidata.org/wiki/Q96308948,Unteilbar
http://geneg.net/resource/Kreuztal,https://www.wikidata.org/wiki/Q5999,Kreuztal
http://geneg.net/resource/Max_Thoma,https://www.wikidata.org/wiki/Q21667361,Max_Thoma
http://geneg.net/resource/Jean_Asselborn,https://www.wikidata.org/wiki/Q58200,Jean_Asselborn
http://geneg.net/resource/Sea-Watch_3,https://www.wikidata.org/wiki/Q55382737,Sea-Watch_3
http://geneg.net/resource/Rt,https://www.wikidata.org/wiki/Q22868,Rt
http://geneg.net/resource/Europe,https://www.wikidata.org/wiki/Q185144,Europe
http://geneg.net/resource/Octavian_Ursu,https://www.wikidata.org/wiki/Q18334593,Octavian_Ursu
http://geneg.net/resource/American_Civil_Liberties_Union,https://www.wikidata.org/wiki/Q21637,American_Civil_Liberties_Union
http://geneg.net/resource/Davos,https://www.wikidata.org/wiki/Q68097,Davos
http://geneg.net/resource/Beto,https://www.wikidata.org/wiki/Q313955,Beto
http://geneg.net/resource/Die_Linke,https://www.wikidata.org/wiki/Q49764,Die_Linke
http://geneg.net/resource/Watch,https://www.wikidata.org/wiki/Q1946176,Watch
http://geneg.net/resource/Stuttgart,https://www.wikidata.org/wiki/Q1022,Stuttgart
http://geneg.net/resource/Boostedt,https://www.wikidata.org/wiki/Q554107,Boostedt
http://geneg.net/resource/Wir,https://www.wikidata.org/wiki/Q56000996,Wir
http://geneg.net/resource/Gaza,https://www.wikidata.org/wiki/Q47492,Gaza
http://geneg.net/resource/Tripolis,https://www.wikidata.org/wiki/Q3579,Tripolis
http://geneg.net/resource/Joseph_Wirth,https://www.wikidata.org/wiki/Q60150,Joseph_Wirth
http://geneg.net/resource/Facebook,https://www.wikidata.org/wiki/Q355,Facebook
http://geneg.net/resource/Büyükada,https://www.wikidata.org/wiki/Q989883,Büyükada
http://geneg.net/resource/Stephen_Bannon,https://www.wikidata.org/wiki/Q16146870,Stephen_Bannon
http://geneg.net/resource/Hainichen,https://www.wikidata.org/wiki/Q71123,Hainichen
http://geneg.net/resource/Heike_Hänsel,https://www.wikidata.org/wiki/Q1661616,Heike_Hänsel
http://geneg.net/resource/Robert_Koch-Institut,https://www.wikidata.org/wiki/Q679041,Robert_Koch-Institut
http://geneg.net/resource/Lausitz,https://www.wikidata.org/wiki/Q32530,Lausitz
http://geneg.net/resource/Jens_Spahn,https://www.wikidata.org/wiki/Q86294,Jens_Spahn
http://geneg.net/resource/Geert_Wilders,https://www.wikidata.org/wiki/Q105338,Geert_Wilders
http://geneg.net/resource/Brasilien,https://www.wikidata.org/wiki/Q155,Brasilien
http://geneg.net/resource/Bournemouth,https://www.wikidata.org/wiki/Q170478,Bournemouth
http://geneg.net/resource/Westend_Verlag,https://www.wikidata.org/wiki/Q1735714,Westend_Verlag
http://geneg.net/resource/G7,https://www.wikidata.org/wiki/Q1764511,G7
http://geneg.net/resource/Amerika,https://www.wikidata.org/wiki/Q828,Amerika
http://geneg.net/resource/Klasse_Gegen_Klasse,https://www.wikidata.org/wiki/Q65963858,Klasse_Gegen_Klasse
http://geneg.net/resource/Okwui_Enwezor,https://www.wikidata.org/wiki/Q522031,Okwui_Enwezor
http://geneg.net/resource/America_First,https://www.wikidata.org/wiki/Q28530590,America_First
http://geneg.net/resource/Politifact,https://www.wikidata.org/wiki/Q3394318,Politifact
http://geneg.net/resource/Iskander,https://www.wikidata.org/wiki/Q483042,Iskander
http://geneg.net/resource/Flickr,https://www.wikidata.org/wiki/Q103204,Flickr
http://geneg.net/resource/Reporter_Ohne_Grenzen,https://www.wikidata.org/wiki/Q154330,Reporter_Ohne_Grenzen
http://geneg.net/resource/Sarakeb,https://www.wikidata.org/wiki/Q1895761,Sarakeb
http://geneg.net/resource/Schwerin,https://www.wikidata.org/wiki/Q1709,Schwerin
http://geneg.net/resource/Aufstehen,https://www.wikidata.org/wiki/Q55935129,Aufstehen
http://geneg.net/resource/Nova,https://www.wikidata.org/wiki/Q6458,Nova
http://geneg.net/resource/ZDF,https://www.wikidata.org/wiki/Q48989,ZDF
http://geneg.net/resource/Norbert_Walter-Borjans,https://www.wikidata.org/wiki/Q1756734,Norbert_Walter-Borjans
http://geneg.net/resource/Deir_Ez-Zor,https://www.wikidata.org/wiki/Q239097,Deir_Ez-Zor
http://geneg.net/resource/Albuquerque,https://www.wikidata.org/wiki/Q34804,Albuquerque
http://geneg.net/resource/Alternative,https://www.wikidata.org/wiki/Q1695023,Alternative
http://geneg.net/resource/Abu_Bakr_Al-Baghdadi,https://www.wikidata.org/wiki/Q2821724,Abu_Bakr_Al-Baghdadi
http://geneg.net/resource/Julian_Assange,https://www.wikidata.org/wiki/Q360,Julian_Assange
http://geneg.net/resource/Unidad_Popular,https://www.wikidata.org/wiki/Q1279966,Unidad_Popular
http://geneg.net/resource/Franziskus,https://www.wikidata.org/wiki/Q450675,Franziskus
http://geneg.net/resource/Görlitz,https://www.wikidata.org/wiki/Q4077,Görlitz
http://geneg.net/resource/Exil,https://www.wikidata.org/wiki/Q188863,Exil
http://geneg.net/resource/Matteo_Salvini,https://www.wikidata.org/wiki/Q1055449,Matteo_Salvini
http://geneg.net/resource/Björn_Höcke,https://www.wikidata.org/wiki/Q18176756,Björn_Höcke
http://geneg.net/resource/Marcus_Franz,https://www.wikidata.org/wiki/Q41242295,Marcus_Franz
http://geneg.net/resource/Berlin,https://www.wikidata.org/wiki/Q64,Berlin
http://geneg.net/resource/Der_Spiegel,https://www.wikidata.org/wiki/Q131478,Der_Spiegel
http://geneg.net/resource/Charlottesville,https://www.wikidata.org/wiki/Q123766,Charlottesville
http://geneg.net/resource/Hongkong,https://www.wikidata.org/wiki/Q8646,Hongkong
http://geneg.net/resource/Seebrücke,https://www.wikidata.org/wiki/Q863454,Seebrücke
http://geneg.net/resource/Valletta,https://www.wikidata.org/wiki/Q23800,Valletta
http://geneg.net/resource/Venezuela,https://www.wikidata.org/wiki/Q717,Venezuela
http://geneg.net/resource/Tillschneider,https://www.wikidata.org/wiki/Q18334495,Tillschneider
http://geneg.net/resource/Roger_Stone,https://www.wikidata.org/wiki/Q7358961,Roger_Stone
http://geneg.net/resource/Der_Volkslehrer,https://www.wikidata.org/wiki/Q65931154,Der_Volkslehrer
http://geneg.net/resource/Bremen,https://www.wikidata.org/wiki/Q24879,Bremen
http://geneg.net/resource/Das,https://www.wikidata.org/wiki/Q1167106,Das
http://geneg.net/resource/Annette_Wilke,https://www.wikidata.org/wiki/Q566723,Annette_Wilke
http://geneg.net/resource/Scientists_for_Future,https://www.wikidata.org/wiki/Q69540542,Scientists_for_Future
http://geneg.net/resource/Afrika,https://www.wikidata.org/wiki/Q15,Afrika
http://geneg.net/resource/Isna,https://www.wikidata.org/wiki/Q1013115,Isna
http://geneg.net/resource/Boulogne-Sur-Mer,https://www.wikidata.org/wiki/Q81997,Boulogne-Sur-Mer
http://geneg.net/resource/Welt,https://www.wikidata.org/wiki/Q1959672,Welt
http://geneg.net/resource/Jakob,https://www.wikidata.org/wiki/Q289957,Jakob
http://geneg.net/resource/Ankara,https://www.wikidata.org/wiki/Q3640,Ankara
http://geneg.net/resource/Marco_Polo,https://www.wikidata.org/wiki/Q6101,Marco_Polo
http://geneg.net/resource/Roland_Tichy,https://www.wikidata.org/wiki/Q2163061,Roland_Tichy
http://geneg.net/resource/Ruptly,https://www.wikidata.org/wiki/Q16740826,Ruptly
http://geneg.net/resource/Luigi_Di_Maio,https://www.wikidata.org/wiki/Q13581225,Luigi_Di_Maio
http://geneg.net/resource/Stralsund,https://www.wikidata.org/wiki/Q4065,Stralsund
http://geneg.net/resource/Dublin,https://www.wikidata.org/wiki/Q1761,Dublin
http://geneg.net/resource/Meg_Wolitzer,https://www.wikidata.org/wiki/Q6808023,Meg_Wolitzer
http://geneg.net/resource/Manfred_Rouhs,https://www.wikidata.org/wiki/Q1889850,Manfred_Rouhs
http://geneg.net/resource/Göteborg,https://www.wikidata.org/wiki/Q25287,Göteborg
http://geneg.net/resource/Daniel_Günther,https://www.wikidata.org/wiki/Q969340,Daniel_Günther
http://geneg.net/resource/Samos,https://www.wikidata.org/wiki/Q156882,Samos
http://geneg.net/resource/Herbert_Kickl,https://www.wikidata.org/wiki/Q1395041,Herbert_Kickl
http://geneg.net/resource/Dresden,https://www.wikidata.org/wiki/Q1731,Dresden
http://geneg.net/resource/Combat_18,https://www.wikidata.org/wiki/Q937662,Combat_18
http://geneg.net/resource/Düsseldorf,https://www.wikidata.org/wiki/Q1718,Düsseldorf
http://geneg.net/resource/Reichersbeuern,https://www.wikidata.org/wiki/Q532923,Reichersbeuern
http://geneg.net/resource/Institut_Für_Staatspolitik,https://www.wikidata.org/wiki/Q1239986,Institut_Für_Staatspolitik
http://geneg.net/resource/Jusos,https://www.wikidata.org/wiki/Q690370,Jusos
http://geneg.net/resource/Zbigniew_Ziobro,https://www.wikidata.org/wiki/Q159472,Zbigniew_Ziobro
http://geneg.net/resource/Würzburg,https://www.wikidata.org/wiki/Q2999,Würzburg
http://geneg.net/resource/Italien,https://www.wikidata.org/wiki/Q38,Italien
http://geneg.net/resource/Syrien,https://www.wikidata.org/wiki/Q858,Syrien
http://geneg.net/resource/Jean-Marie_Le_Pen,https://www.wikidata.org/wiki/Q7177,Jean-Marie_Le_Pen
http://geneg.net/resource/Die_Getriebenen,https://www.wikidata.org/wiki/Q89884244,Die_Getriebenen
http://geneg.net/resource/Ahmed,https://www.wikidata.org/wiki/Q18607893,Ahmed
http://geneg.net/resource/Volker_Seitz,https://www.wikidata.org/wiki/Q2531287,Volker_Seitz
http://geneg.net/resource/Wolfgang_Ischinger,https://www.wikidata.org/wiki/Q177593,Wolfgang_Ischinger
http://geneg.net/resource/Pegida,https://www.wikidata.org/wiki/Q18609063,Pegida
http://geneg.net/resource/Kassel_Airport,https://www.wikidata.org/wiki/Q529143,Kassel_Airport
http://geneg.net/resource/Wissenschaftszentrum_Berlin_Für_Sozialforschung,https://www.wikidata.org/wiki/Q475602,Wissenschaftszentrum_Berlin_Für_Sozialforschung
http://geneg.net/resource/Oscar,https://www.wikidata.org/wiki/Q19020,Oscar
http://geneg.net/resource/Jörg_Meuthen,https://www.wikidata.org/wiki/Q15907132,Jörg_Meuthen
http://geneg.net/resource/Welt_Am_Sonntag,https://www.wikidata.org/wiki/Q194565,Welt_Am_Sonntag
http://geneg.net/resource/Stockholmer_Internationales_Friedensforschungsinstitut,https://www.wikidata.org/wiki/Q1140407,Stockholmer_Internationales_Friedensforschungsinstitut
http://geneg.net/resource/Kai_Ehlers,https://www.wikidata.org/wiki/Q1721290,Kai_Ehlers
http://geneg.net/resource/Leipzig,https://www.wikidata.org/wiki/Q2079,Leipzig
http://geneg.net/resource/Annegret_Kramp-Karrenbauer,https://www.wikidata.org/wiki/Q71359,Annegret_Kramp-Karrenbauer
http://geneg.net/resource/Lüneburg,https://www.wikidata.org/wiki/Q3920,Lüneburg
http://geneg.net/resource/Kopenhagen,https://www.wikidata.org/wiki/Q1748,Kopenhagen
http://geneg.net/resource/Konrad-Adenauer-Stiftung,https://www.wikidata.org/wiki/Q324555,Konrad-Adenauer-Stiftung
http://geneg.net/resource/Kirk_Douglas,https://www.wikidata.org/wiki/Q104027,Kirk_Douglas
http://geneg.net/resource/Princeton,https://www.wikidata.org/wiki/Q138518,Princeton
http://geneg.net/resource/Frank-Jürgen_Weise,https://www.wikidata.org/wiki/Q1249147,Frank-Jürgen_Weise
http://geneg.net/resource/Make_America_Great_Again,https://www.wikidata.org/wiki/Q20871878,Make_America_Great_Again
http://geneg.net/resource/Berkeley,https://www.wikidata.org/wiki/Q484678,Berkeley
http://geneg.net/resource/Recep_Tayyip_Erdoğan,https://www.wikidata.org/wiki/Q39259,Recep_Tayyip_Erdoğan
http://geneg.net/resource/Max_Otte,https://www.wikidata.org/wiki/Q72817,Max_Otte
http://geneg.net/resource/Euro,https://www.wikidata.org/wiki/Q4916,Euro
http://geneg.net/resource/Lega_Nord,https://www.wikidata.org/wiki/Q47750,Lega_Nord
http://geneg.net/resource/Zentrum_Für_Politische_Schönheit,https://www.wikidata.org/wiki/Q191276,Zentrum_Für_Politische_Schönheit
http://geneg.net/resource/Hannes_Hofbauer,https://www.wikidata.org/wiki/Q1576005,Hannes_Hofbauer
http://geneg.net/resource/Nsu_2.0,https://www.wikidata.org/wiki/Q97148297,Nsu_2.0
http://geneg.net/resource/Bundesamt_Für_Migration_Und_Flüchtlinge,https://www.wikidata.org/wiki/Q1005470,Bundesamt_Für_Migration_Und_Flüchtlinge
http://geneg.net/resource/Fatma_Aydemir,https://www.wikidata.org/wiki/Q29097798,Fatma_Aydemir
http://geneg.net/resource/Johannes_Gutenberg-Universität_Mainz,https://www.wikidata.org/wiki/Q161982,Johannes_Gutenberg-Universität_Mainz
http://geneg.net/resource/Ömer_Çelik,https://www.wikidata.org/wiki/Q297516,Ömer_Çelik
http://geneg.net/resource/Donald_Trump,https://www.wikidata.org/wiki/Q22686,Donald_Trump
http://geneg.net/resource/Essen,https://www.wikidata.org/wiki/Q2066,Essen
http://geneg.net/resource/Medico_International,https://www.wikidata.org/wiki/Q1916306,Medico_International
http://geneg.net/resource/Cambridge,https://www.wikidata.org/wiki/Q350,Cambridge
http://geneg.net/resource/Armin-Paulus_Hampel,https://www.wikidata.org/wiki/Q16318408,Armin-Paulus_Hampel
http://geneg.net/resource/Argentinien,https://www.wikidata.org/wiki/Q414,Argentinien
http://geneg.net/resource/Chelsea_Manning,https://www.wikidata.org/wiki/Q298423,Chelsea_Manning
http://geneg.net/resource/Hannover,https://www.wikidata.org/wiki/Q1715,Hannover
http://geneg.net/resource/Nikol_Paschinjan,https://www.wikidata.org/wiki/Q7035479,Nikol_Paschinjan
http://geneg.net/resource/Osnabrück,https://www.wikidata.org/wiki/Q2916,Osnabrück
http://geneg.net/resource/Kreuzberg,https://www.wikidata.org/wiki/Q308928,Kreuzberg
http://geneg.net/resource/Cottbus,https://www.wikidata.org/wiki/Q3214,Cottbus
http://geneg.net/resource/Erik_Marquardt,https://www.wikidata.org/wiki/Q18222891,Erik_Marquardt
http://geneg.net/resource/Xavier_Naidoo,https://www.wikidata.org/wiki/Q178391,Xavier_Naidoo
http://geneg.net/resource/Warschau,https://www.wikidata.org/wiki/Q270,Warschau
http://geneg.net/resource/Alternative_Für_Deutschland,https://www.wikidata.org/wiki/Q6721203,Alternative_Für_Deutschland
http://geneg.net/resource/Tim,https://www.wikidata.org/wiki/Q1369663,Tim
http://geneg.net/resource/Jung_Brutal_Gutaussehend_3,https://www.wikidata.org/wiki/Q42696751,Jung_Brutal_Gutaussehend_3
http://geneg.net/resource/Selfkant,https://www.wikidata.org/wiki/Q204743,Selfkant
http://geneg.net/resource/Horst_Seehofer,https://www.wikidata.org/wiki/Q44612,Horst_Seehofer
http://geneg.net/resource/Frankreich,https://www.wikidata.org/wiki/Q142,Frankreich
http://geneg.net/resource/Kiel,https://www.wikidata.org/wiki/Q1707,Kiel
http://geneg.net/resource/El_País,https://www.wikidata.org/wiki/Q50009,El_País
http://geneg.net/resource/Covid-19,https://www.wikidata.org/wiki/Q84263196,Covid-19
http://geneg.net/resource/Gazastreifen,https://www.wikidata.org/wiki/Q39760,Gazastreifen
http://geneg.net/resource/Köln,https://www.wikidata.org/wiki/Q365,Köln
http://geneg.net/resource/Partei_Der_Demokratischen_Union,https://www.wikidata.org/wiki/Q864766,Partei_Der_Demokratischen_Union
http://geneg.net/resource/Hamburg,https://www.wikidata.org/wiki/Q1055,Hamburg
